"","Sample Number","TSS (mg/L)","NOTES","Keepfor analysis","Location","Date","Time","Sample type"
"1","C-20-0001","1820.9699060762673",NA,"Y","NCOS-W",2019-11-27,1899-12-31 03:00:00,"Isco"
"2","C-20-0001","459.8335402584004",NA,"Y","NCOS-W",2019-11-27,1899-12-31 03:00:00,"Isco"
"3","C-20-0002","89.25383791501258",NA,"Y","NCOS-W",2019-11-27,1899-12-31 04:00:00,"Isco"
"4","C-20-0003","134.9042180051575",NA,"Y","NCOS-W",2019-11-27,1899-12-31 04:30:00,"Isco"
"5","C-20-0004","49.1738788355877",NA,"Y","NCOS-W",2019-11-27,1899-12-31 05:00:00,"Isco"
"6","C-20-0005","17.50741839762611",NA,"Y","NCOS-W",2019-11-27,1899-12-31 06:30:00,"Isco"
"7","C-20-0006","16.26506024096385",NA,"Y","NCOS-W",2019-11-27,1899-12-31 08:00:00,"Isco"
"8","C-20-0007","14.376996805111826",NA,"Y","NCOS-W",2019-11-27,1899-12-31 10:30:00,"Isco"
"9","C-20-0008","97.0543989906839",NA,"Y","NCOS-W",2019-12-04,1899-12-31 14:00:00,"Isco"
"10","C-20-0009","190.2497027348692",NA,"Y","NCOS-W",2019-12-04,1899-12-31 16:00:00,"Isco"
"11","C-20-0010","8.29986613119144",NA,"Y","NCOS-P",2019-12-03,1899-12-31 22:00:00,"Isco"
"12","C-20-0011","10.526315789473673",NA,"Y","NCOS-P",2019-12-04,1899-12-31 00:00:00,"Isco"
"13","C-20-0012","29.44444444444459",NA,"Y","NCOS-P",2019-12-04,1899-12-31 02:00:00,"Isco"
"14","C-20-0013","26.229508196721145",NA,"Y","NCOS-P",2019-12-04,1899-12-31 04:00:00,"Isco"
"15","C-20-0014","18.449197860962567",NA,"Y","NCOS-P",2019-12-04,1899-12-31 06:00:00,"Isco"
"16","C-20-0015","13.910761154855633",NA,"Y","NCOS-P",2019-12-04,1899-12-31 07:30:00,"Isco"
"17","C-20-0016","36.57587548638128",NA,"Y","NCOS-P",2019-12-04,1899-12-31 08:30:00,"Isco"
"18","C-20-0017","91.17432530997456",NA,"Y","NCOS-P",2019-12-04,1899-12-31 09:00:00,"Isco"
"19","C-20-0018","91.59186664222398",NA,"Y","NCOS-P",2019-12-04,1899-12-31 11:00:00,"Isco"
"20","C-20-0019","15.223097112860884",NA,"Y","NCOS-P",2019-12-04,1899-12-31 16:00:00,"Isco"
"21","C-20-0020","160.05056890012645",NA,"Y","NCOS-V",2019-12-03,1899-12-31 22:00:00,"Isco"
"22","C-20-0021","40564.90384615385",NA,"Y","NCOS-V",2019-12-04,1899-12-31 01:00:00,"Isco"
"23","C-20-0021","82342.09717772019",NA,"Y","NCOS-V",2019-12-04,1899-12-31 01:00:00,"Isco"
"24","C-20-0022","193.23943661971833",NA,"Y","NCOS-V",2019-12-04,1899-12-31 03:00:00,"Isco"
"25","C-20-0023","151.53949129852748",NA,"Y","NCOS-V",2019-12-04,1899-12-31 06:00:00,"Isco"
"26","C-20-0025","141.36546184738944",NA,"Y","NCOS-V",2019-12-04,1899-12-31 12:00:00,"Isco"
"27","C-20-0026","23350.12100202765",NA,"Y","NCOS-V",2019-12-04,1899-12-31 16:00:00,"Isco"
"28","C-20-0026","32138.55287238311",NA,"Y","NCOS-V",2019-12-04,1899-12-31 16:00:00,"Isco"
"29","C-20-0027","10.280373831775686",NA,"Y","NCOS-V",2020-03-10,1899-12-31 10:00:00,"Isco"
"30","C-20-0028","14.769230769230758",NA,"Y","NCOS-V",2020-03-09,1899-12-31 22:00:00,"Isco"
"31","C-20-0029","9.44625407166123",NA,"Y","NCOS-P",2020-03-10,1899-12-31 10:00:00,"Isco"
"32","C-20-0030","5.414012738853473",NA,"Y","NCOS-P",2020-03-09,1899-12-31 22:00:00,"Isco"
"33","C-20-0031","36.84210526315789",NA,"Y","NCOS-P",2020-03-11,1899-12-31 10:00:00,"Isco"
"34","C-20-0032","15.677966101694883",NA,"Y","NCOS-W",2020-03-11,1899-12-31 16:00:00,"Isco"
"35","C-20-0033","7.2413793103448345",NA,"Y","NCOS-V",2020-03-11,1899-12-31 16:00:00,"Isco"
"36","C-20-0034","539.4228175852043",NA,"Y","NCOS-P",2020-03-10,1899-12-31 13:00:00,"Isco"
"37","C-20-0035","492.8315412186355",NA,"Y","NCOS-P",2020-03-10,1899-12-31 14:00:00,"Isco"
"38","C-20-0036","82.44514106583073",NA,"Y","NCOS-P",2020-03-10,1899-12-31 16:00:00,"Isco"
"39","C-20-0037","308.80536439029987",NA,"Y","NCOS-P",2020-03-10,1899-12-31 17:00:00,"Isco"
"40","C-20-0038","617.2295212062454",NA,"Y","NCOS-P",2020-03-10,1899-12-31 22:00:00,"Isco"
"41","C-20-0038","646.74686327786",NA,"Y","NCOS-P",2020-03-10,1899-12-31 22:00:00,"Isco"
"42","C-20-0039","36.51315789473683",NA,"Y","NCOS-P",2020-03-11,1899-12-31 02:00:00,"Isco"
"43","C-20-0040","314.08444384622146",NA,"Y","NCOS-P",2020-03-11,1899-12-31 03:00:00,"Isco"
"44","C-20-0041","307.7058332234084",NA,"Y","NCOS-P",2020-03-11,1899-12-31 05:00:00,"Isco"
"45","C-20-0042","360.9782510603659",NA,"Y","NCOS-P",2020-03-11,1899-12-31 09:00:00,"Isco"
"46","C-20-0043","14.035087719298273",NA,"Y","NCOS-V",2020-03-10,1899-12-31 13:00:00,"Isco"
"47","C-20-0044","16.426512968299697",NA,"Y","NCOS-V",2020-03-10,1899-12-31 15:00:00,"Isco"
"48","C-20-0045","13.056379821957998",NA,"Y","NCOS-V",2020-03-10,1899-12-31 20:00:00,"Isco"
"49","C-20-0046","11.34545454545458",NA,"Y","NCOS-V",2020-03-11,1899-12-31 02:00:00,"Isco"
"50","C-20-0047","19.886363636363647",NA,"Y","NCOS-V",2020-03-11,1899-12-31 04:00:00,"Isco"
"51","C-20-0048","14.051522248243566",NA,"Y","NCOS-V",2020-03-11,1899-12-31 10:00:00,"Isco"
"52","C-20-0049","235.9826316782951",NA,"Y","NCOS-W",2020-03-10,1899-12-31 13:00:00,"Isco"
"53","C-20-0050","38.280616382806166",NA,"Y","NCOS-W",2020-03-10,1899-12-31 14:00:00,"Isco"
"54","C-20-0051","27.89115646258507",NA,"Y","NCOS-W",2020-03-10,1899-12-31 15:00:00,"Isco"
"55","C-20-0052","23.711340206185568",NA,"Y","NCOS-W",2020-03-10,1899-12-31 18:00:00,"Isco"
"56","C-20-0053","30.303030303030322",NA,"Y","NCOS-W",2020-03-10,1899-12-31 22:00:00,"Isco"
"57","C-20-0054","30.479452054794482",NA,"Y","NCOS-W",2020-03-11,1899-12-31 02:00:00,"Isco"
"58","C-20-0055","47.81714722902078",NA,"Y","NCOS-W",2020-03-11,1899-12-31 04:00:00,"Isco"
"59","C-20-0055","0.0",NA,"Y","NCOS-W",2020-03-11,1899-12-31 04:00:00,"Isco"
"60","C-20-0056","17.586206896551744",NA,"Y","NCOS-W",2020-03-11,1899-12-31 10:00:00,"Isco"
"61","C-20-0057","224.4366639734777",NA,"Y","NCOS-W",2020-03-15,1899-12-31 22:00:00,"Isco"
"62","C-20-0058","86.8394772263915",NA,"Y","NCOS-W",2020-03-16,1899-12-31 02:00:00,"Isco"
"63","C-20-0059","19.69140337986773",NA,"Y","NCOS-W",2020-03-16,1899-12-31 03:00:00,"Isco"
"64","C-20-0060","17.118402282453605",NA,"Y","NCOS-W",2020-03-16,1899-12-31 04:00:00,"Isco"
"65","C-20-0061","18.23444283646888",NA,"Y","NCOS-W",2020-03-16,1899-12-31 05:00:00,"Isco"
"66","C-20-0062","0.0",NA,"Y","NCOS-W",2020-03-16,1899-12-31 06:00:00,"Isco"
"67","C-20-0063","88.68393047178087",NA,"Y","NCOS-W",2020-03-16,1899-12-31 07:00:00,"Isco"
"68","C-20-0064","42.65129682997064",NA,"Y","NCOS-W",2020-03-16,1899-12-31 08:00:00,"Isco"
"69","C-20-0065","44.21452889421725",NA,"Y","NCOS-W",2020-03-16,1899-12-31 09:00:00,"Isco"
"70","C-20-0066","128.69460769594244",NA,"Y","NCOS-W",2020-03-16,1899-12-31 11:00:00,"Isco"
"71","C-20-0067","96.21397989125906",NA,"Y","NCOS-W",2020-03-16,1899-12-31 12:00:00,"Isco"
"72","C-20-0068","86.84324793745559",NA,"Y","NCOS-W",2020-03-16,1899-12-31 13:00:00,"Isco"
"73","C-20-0069","127.82819890068234",NA,"Y","NCOS-W",2020-03-16,1899-12-31 15:00:00,"Isco"
"74","C-20-0070","130.18008244739048",NA,"Y","NCOS-W",2020-03-16,1899-12-31 16:00:00,"Isco"
"75","C-20-0071","221.55264090752996",NA,"Y","NCOS-W",2020-03-16,1899-12-31 17:00:00,"Isco"
"76","C-20-0072","265.00596263416924",NA,"Y","NCOS-W",2020-03-16,1899-12-31 18:00:00,"Isco"
"77","C-20-0073","44.01408450706477",NA,"Y","NCOS-W",2020-03-16,1899-12-31 21:00:00,"Isco"
"78","C-20-0074","46.238498173602984",NA,"Y","NCOS-P",2020-03-15,1899-12-31 22:00:00,"Isco"
"79","C-20-0075","24.59459459459458",NA,"Y","NCOS-P",2020-03-16,1899-12-31 02:00:00,"Isco"
"80","C-20-0076","790.1321276502648",NA,"Y","NCOS-P",2020-03-16,1899-12-31 03:00:00,"Isco"
"81","C-20-0078","313.4796238244209",NA,"Y","NCOS-P",2020-03-16,1899-12-31 06:00:00,"Isco"
"82","C-20-0080","140.4987706358288",NA,"Y","NCOS-P",2020-03-16,1899-12-31 08:00:00,"Isco"
"83","C-20-0080","96.78199854825075",NA,"Y","NCOS-P",2020-03-16,1899-12-31 08:00:00,"Isco"
"84","C-20-0081","49.07252919817998",NA,"Y","NCOS-P",2020-03-16,1899-12-31 10:00:00,"Isco"
"85","C-20-0082","189.73531922963681",NA,"Y","NCOS-P",2020-03-16,1899-12-31 12:00:00,"Isco"
"86","C-20-0083","0.0",NA,"Y","NCOS-P",2020-03-16,1899-12-31 13:00:00,"Isco"
"87","C-20-0085","262.4671916010599",NA,"Y","NCOS-P",2020-03-16,1899-12-31 16:00:00,"Isco"
"88","C-20-0086","410.9401397196631",NA,"Y","NCOS-P",2020-03-16,1899-12-31 17:00:00,"Isco"
"89","C-20-0087","145.8576429404956",NA,"Y","NCOS-P",2020-03-16,1899-12-31 18:00:00,"Isco"
"90","C-20-0088","37.650389242745895",NA,"Y","NCOS-P",2020-03-16,1899-12-31 20:00:00,"Isco"
"91","C-20-0089","35.688793718772324",NA,"Y","NCOS-P",2020-03-16,1899-12-31 21:00:00,"Isco"
"92","C-20-0090","7.090464547677255",NA,"Y","NCOS-V",2020-03-15,1899-12-31 22:00:00,"Isco"
"93","C-20-0091","9.72568578553619",NA,"Y","NCOS-V",2020-03-16,1899-12-31 05:00:00,"Isco"
"94","C-20-0092","11.442786069651854",NA,"Y","NCOS-V",2020-03-16,1899-12-31 09:00:00,"Isco"
"95","C-20-0093","15.594059405940586",NA,"Y","NCOS-V",2020-03-16,1899-12-31 12:00:00,"Isco"
"96","C-20-0094","1475.839085931864",NA,"Y","NCOS-V",2020-03-16,1899-12-31 14:00:00,"Isco"
"97","C-20-0095","1378.6990989216658",NA,"Y","NCOS-V",2020-03-16,1899-12-31 16:00:00,"Isco"
"98","C-20-0096","133.6898395721976",NA,"Y","NCOS-V",2020-03-16,1899-12-31 17:00:00,"Isco"
"99","C-20-0097","781.5892314372854",NA,"Y","NCOS-V",2020-03-16,1899-12-31 18:00:00,"Isco"
"100","C-20-0099","785.9258811437968",NA,"Y","NCOS-V",2020-03-16,1899-12-31 20:00:00,"Isco"
"101","C-20-0099","1091.0578715279125",NA,"Y","NCOS-V",2020-03-16,1899-12-31 20:00:00,"Isco"
"102","C-20-0100","43.67765887744444",NA,"Y","NCOS-V",2020-03-16,1899-12-31 21:00:00,"Isco"
"103","C-20-0101","13.300492610837436",NA,"Y","NCOS-P",2020-03-10,1899-12-31 12:00:00,"Isco"
"104","C-20-0102","12.037037037037054",NA,"Y","NCOS-V",2020-03-10,1899-12-31 23:00:00,"Isco"
"105","C-20-0103","10.955710955710973",NA,"Y","NCOS-V",2020-03-11,1899-12-31 03:00:00,"Isco"
"106","C-20-0104","12.903225806451625",NA,"Y","NCOS-V",2020-03-11,1899-12-31 06:00:00,"Isco"
"107","C-20-0105","7.5294117647058965",NA,"Y","NCOS-V",2020-03-16,1899-12-31 02:00:00,"Isco"
"108","C-20-0106","8.83720930232558",NA,"Y","NCOS-V",2020-03-16,1899-12-31 04:00:00,"Isco"
"109","C-20-0107","8.986175115207379",NA,"Y","NCOS-V",2020-03-16,1899-12-31 08:00:00,"Isco"
"110","C-20-0108","14.055299539170498",NA,"Y","NCOS-V",2020-03-10,1899-12-31 12:00:00,"Isco"
"111","C-20-0109","13.053613053613043",NA,"Y","NCOS-V",2020-03-10,1899-12-31 18:00:00,"Isco"
"112","C-20-0110","12.441314553990612",NA,"Y","NCOS-V",2020-03-10,1899-12-31 06:00:00,"Isco"
"113","C-20-0111","9.263657957244662",NA,"Y","NCOS-V",2020-03-10,1899-12-31 08:00:00,"Isco"
"114","C-20-0112","13.761467889908241",NA,"Y","NCOS-V",2020-03-16,1899-12-31 13:00:00,"Isco"
"115","C-20-0115","39.540816326530475",NA,"Y","NCOS-P",2020-03-16,1899-12-31 19:00:00,"Isco"
"116","C-20-0116","182.6484018264477",NA,"Y",NA,NA,NA,NA
"117","C-20-0119","0.0",NA,"Y",NA,NA,NA,NA
"118","C-20-0121","45.616275887259896",NA,"Y",NA,NA,NA,NA
"119","C-20-0122","92.57544899090918",NA,"Y",NA,NA,NA,NA
"120","C-20-0123","637.7260511091904",NA,"Y",NA,NA,NA,NA
"121","C-20-0124","227.8630998495974",NA,"Y",NA,NA,NA,NA
"122","C-20-0125","141.00394811055244",NA,"Y",NA,NA,NA,NA
"123","C-20-0126","316.21267561093725",NA,"Y",NA,NA,NA,NA
"124","C-20-0127","235.84905660376015",NA,"Y",NA,NA,NA,NA
"125","C-20-0128","895.6560680698103",NA,"Y",NA,NA,NA,NA
"126","C-20-0129","542.2993492408015",NA,"Y",NA,NA,NA,NA
"127","C-20-0130","3241.269116640008",NA,"Y",NA,NA,NA,NA
"128","C-20-0131","186.8634962160434",NA,"Y",NA,NA,NA,NA
"129","C-20-0132","1206.5637065637065",NA,"Y",NA,NA,NA,NA
"130","C-20-0133","225.5503428365083",NA,"Y",NA,NA,NA,NA
"131","CG-20-0001","87030.90507726268",NA,"Y","NCOS-V",2019-11-26,1899-12-31 17:50:00,"Grab"
"132","CG-20-0001","67006.70478384272",NA,"Y","NCOS-V",2019-11-26,1899-12-31 17:50:00,"Grab"
"133","CG-20-0002","61205.667812526226",NA,"Y","NCOS-V",2019-11-27,1899-12-31 04:05:00,"Grab"
"134","CG-20-0004","1546.3055834169363",NA,"Y","NCOS-V",2019-11-27,1899-12-31 06:20:00,"Grab"
"135","CG-20-0005","799.1251682368679",NA,"Y","NCOS-V",2019-11-27,1899-12-31 10:15:00,"Grab"
"136","CG-20-0006","10.700636942675175",NA,"Y","NCOS-P",2019-11-27,1899-12-31 18:45:00,"Grab"
"137","CG-20-0007","1054.5408529126419",NA,"Y","NCOS-P",2019-11-27,1899-12-31 03:50:00,"Grab"
"138","CG-20-0008","376.30137559059835",NA,"Y","NCOS-P",2019-11-27,1899-12-31 05:00:00,"Grab"
"139","CG-20-0009","4987.741990024544",NA,"Y","NCOS-P",2019-11-27,1899-12-31 06:45:00,"Grab"
"140","CG-20-0009","651.080201242968",NA,"Y","NCOS-P",2019-11-27,1899-12-31 06:45:00,"Grab"
"141","CG-20-0010","720.6557967751139",NA,"Y","NCOS-P",2019-11-27,1899-12-31 10:55:00,"Grab"
"142","CG-20-0011","251.41420490258653",NA,"Y","NCOS-D",2019-11-27,1899-12-31 04:40:00,"Grab"
"143","CG-20-0012","251.82573659028907",NA,"Y","NCOS-D",2019-11-27,1899-12-31 05:45:00,"Grab"
"144","CG-20-0013","48.25323296663345",NA,"Y","NCOS-D",2019-11-27,1899-12-31 07:00:00,"Grab"
"145","CG-20-0014","310.710639620015",NA,"Y","NCOS-D",2019-11-27,1899-12-31 11:10:00,"Grab"
"146","CG-20-0015","127.04865963664564",NA,"Y","NCOS-D",2019-12-04,1899-12-31 01:00:00,"Grab"
"147","CG-20-0015","90.65772177149826",NA,"Y","NCOS-D",2019-12-04,1899-12-31 01:00:00,"Grab"
"148","CG-20-0016","127.6432795813349",NA,"Y","NCOS-D",2019-12-04,1899-12-31 08:45:00,"Grab"
"149","CG-20-0017","25.105485232067483",NA,"Y","NCOS-D",2019-12-04,1899-12-31 15:45:00,"Grab"
"150","CG-20-0018","6313.993174061451",NA,"Y","NCOS-V",2019-12-04,1899-12-31 00:15:00,"Grab"
"151","CG-20-0019","47.51037344398348",NA,"Y","NCOS-V",2019-12-04,1899-12-31 09:00:00,"Grab"
"152","CG-20-0020","1792.1146953404636",NA,"Y","NCOS-V",2019-12-04,1899-12-31 16:45:00,"Grab"
"153","CG-20-0021","296.9247083775499",NA,"Y","NCOS-P",2019-12-04,1899-12-31 00:45:00,"Grab"
"154","CG-20-0022","87.04735376049022",NA,"Y","NCOS-P",2019-12-04,1899-12-31 08:25:00,"Grab"
"155","CG-20-0023","10.536585365853659",NA,"Y","NCOS-P",2019-12-04,1899-12-31 16:00:00,"Grab"
"156","CG-20-0025","14.271555996035644",NA,"Y","NCOS-W",2019-12-04,1899-12-31 08:15:00,"Grab"
"157","CG-20-0026","20.518134715025912",NA,"Y","NCOS-W",2019-12-04,1899-12-31 15:25:00,"Grab"
"158","CG-20-0027","15.712900096993197",NA,"Y","NCOS-V",2019-12-16,1899-12-31 14:25:00,"Grab"
"159","CG-20-0028","546.6472303207203",NA,"Y","NCOS-W",2019-12-16,1899-12-31 14:15:00,"Grab"
"160","CG-20-0028","437.7708707262992",NA,"Y","NCOS-W",2019-12-16,1899-12-31 14:15:00,"Grab"
"161","CG-20-0029","8.401639344262303",NA,"Y","NCOS-P",2019-12-16,1899-12-31 13:40:00,"Grab"
"162","CG-20-0030","296.19599712269866",NA,"Y","NCOS-D",2019-12-16,1899-12-31 14:00:00,"Grab"
"163","CG-20-0031","7084.248755772759",NA,"Y","NCOS-V",2019-12-22,1899-12-31 12:40:00,"Grab"
"164","CG-20-0031","6979.466858789677",NA,"Y","NCOS-V",2019-12-22,1899-12-31 12:40:00,"Grab"
"165","CG-20-0032","0.0",NA,"Y","NCOS-W",2019-12-22,1899-12-31 12:50:00,"Grab"
"166","CG-20-0033","268.88948642109114",NA,"Y","NCOS-P",2019-12-22,1899-12-31 13:05:00,"Grab"
"167","CG-20-0033","229.51572182693215",NA,"Y","NCOS-P",2019-12-22,1899-12-31 13:05:00,"Grab"
"168","CG-20-0034","89.68207703688634",NA,"Y","NCOS-D",2019-12-22,1899-12-31 13:25:00,"Grab"
"169","CG-20-0035","7.142857142857452",NA,"Y","NCOS-V",2020-01-08,1899-12-31 09:05:00,"Grab"
"170","CG-20-0036","403.3523058306333",NA,"Y","NCOS-W",2020-01-08,1899-12-31 09:30:00,"Grab"
"171","CG-20-0036","402.99108941926033",NA,"Y","NCOS-W",2020-01-08,1899-12-31 09:30:00,"Grab"
"172","CG-20-0037","2.799999999999992",NA,"Y","NCOS-P",2020-01-08,1899-12-31 09:50:00,"Grab"
"173","CG-20-0038","12.248995983935727",NA,"Y","NCOS-D",2020-01-08,1899-12-31 10:05:00,"Grab"
"174","CG-20-0039","8.722741433021808",NA,"Y","NCOS-V",2020-03-09,1899-12-31 17:55:00,"Grab"
"175","CG-20-0040","16.60735468564651",NA,"Y","NCOS-W",2020-03-09,1899-12-31 18:10:00,"Grab"
"176","CG-20-0041","14.832535885167683",NA,"Y","NCOS-P",2020-03-09,1899-12-31 18:20:00,"Grab"
"177","CG-20-0042","13.95856052344602",NA,"Y","NCOS-V",2020-03-10,1899-12-31 09:20:00,"Grab"
"178","CG-20-0043","12.629161882893232",NA,"Y","NCOS-W",2020-03-10,1899-12-31 09:35:00,"Grab"
"179","CG-20-0044","10.138248847926263",NA,"Y","NCOS-P",2020-03-10,1899-12-31 09:50:00,"Grab"
"180","CG-20-0045","15.990593768371541",NA,"Y","NCOS-V",2020-03-10,1899-12-31 13:15:00,"Grab"
"181","CG-20-0046","86.58008658006935",NA,"Y","NCOS-W",2020-03-10,1899-12-31 13:30:00,"Grab"
"182","CG-20-0047","308.92801977142585",NA,"Y","NCOS-P",2020-03-10,1899-12-31 13:40:00,"Grab"
"183","CG-20-0048","177.48591205569525",NA,"Y","NCOS-D",2020-03-10,1899-12-31 13:55:00,"Grab"
"184","CG-20-0048","182.80700150818632",NA,"Y","NCOS-D",2020-03-10,1899-12-31 13:55:00,"Grab"
"185","CG-20-0049","14.672686230248315",NA,"Y","NCOS-P",2020-03-11,1899-12-31 09:05:00,"Grab"
"186","CG-20-0050","208.96894721449144",NA,"Y","NCOS-D",2020-03-11,1899-12-31 09:30:00,"Grab"
"187","CG-20-0051","38.67069486404808",NA,"Y","NCOS-W",2020-03-11,1899-12-31 09:50:00,"Grab"
"188","CG-20-0052","19.700748129675567",NA,"Y","NCOS-V",2020-03-11,1899-12-31 10:30:00,"Grab"
"189","CG-20-0053","15.889029003783305",NA,"Y","NCOS-V",2020-03-11,1899-12-31 16:25:00,"Grab"
"190","CG-20-0054","13.436692506459966",NA,"Y","NCOS-W",2020-03-11,1899-12-31 17:10:00,"Grab"
"191","CG-20-0055","58.3713355048861",NA,"Y","NCOS-D",2020-03-11,1899-12-31 17:40:00,"Grab"
"192","CG-20-0056","11.442786069651854",NA,"Y","NCOS-P",2020-03-11,1899-12-31 17:55:00,"Grab"
"193","CG-20-0057","44.74272930651059",NA,"Y","NCOS-D",2020-03-15,1899-12-31 22:10:00,"Grab"
"194","CG-20-0058","7.824427480916222",NA,"Y","NCOS-P",2020-03-15,1899-12-31 21:50:00,"Grab"
"195","CG-20-0059","174.90161783999235",NA,"Y","NCOS-W",2020-03-15,1899-12-31 22:30:00,"Grab"
"196","CG-20-0060","8.969465648854975",NA,"Y","NCOS-V",2020-03-15,1899-12-31 22:40:00,"Grab"
"197","CG-20-0061","209.2400401740758",NA,"Y","NCOS-D",2020-03-16,1899-12-31 10:30:00,"Grab"
"198","CG-20-0062","268.18039601306157",NA,"Y","NCOS-P",2020-03-16,1899-12-31 11:45:00,"Grab"
"199","CG-20-0063","0.0",NA,"Y","NCOS-W",2020-03-16,1899-12-31 13:15:00,"Grab"
"200","CG-20-0064","2155.269184140765",NA,"Y","NCOS-V",2020-03-16,1899-12-31 13:25:00,"Grab"
"201","CG-21-0002","135.64839934889284",NA,"Y","Whittier",2020-12-27,1899-12-31 22:30:00,"Grab"
"202","CG-21-0003","904.7726758652016",NA,"Y","Phelps",2020-12-27,1899-12-31 23:00:00,"Grab"
"203","CG-21-0004","135.72818169479768",NA,"Y","Devereux",2020-12-27,1899-12-31 23:30:00,"Grab"
"204","CG-21-0005","592.7412000729969",NA,"Y","Phelps",2020-12-28,1899-12-31 08:00:00,"Grab"
"205","CG-21-0006","89.38148015729362",NA,"Y","Devereux",2020-12-28,1899-12-31 08:15:00,"Grab"
"206","CG-21-0007","8.789062499999991",NA,"Y",NA,NA,NA,NA
"207","CG-21-0008","1207.1687250441319",NA,"Y","Venoco",2020-12-28,1899-12-31 08:45:00,"Grab"
"208","CG-21-0009","222.52881748185123",NA,"Y","Devereux",2020-12-28,1899-12-31 16:00:00,"Grab"
"209","CG-21-0010","537.8030744408655",NA,"Y","Venoco",2020-12-28,1899-12-31 16:30:00,"Grab"
"210","CG-21-0011","44.202802457698425",NA,"Y","Whittier",2020-12-28,1899-12-31 16:45:00,"Grab"
"211","CG-21-0012","413.73603640872153",NA,"Y","Phelps",2020-12-28,1899-12-31 17:00:00,"Grab"
"212","CG-21-0013","7.831325301204802",NA,"Y",NA,NA,NA,NA
"213","CG-21-0014","395.11809640876817",NA,"Y","Venoco",2020-12-29,1899-12-31 09:00:00,"Grab"
"214","CG-21-0015","7.302231237322509",NA,"Y",NA,NA,NA,NA
"215","CG-21-0016","32.50961010433824",NA,"Y",NA,NA,NA,NA
"216","CG-21-0042","433.7976574926661",NA,"Y","Phelps",2021-01-25,1899-12-31 15:00:00,"Grab"
"217","CG-21-0043","180.84817795463536",NA,"Y","Whittier",2021-01-25,1899-12-31 15:15:00,"Grab"
"218","CG-21-0078","91.8442321822007",NA,"Y","Devereux",2021-01-27,1899-12-31 08:30:00,"Grab"
"219","CG-21-0079","18.23770491803278",NA,"Y",NA,NA,NA,NA
"220","CG-21-0080","1726.8098295328784",NA,"Y",NA,NA,NA,"Grab"
"221","CG-21-0081","263.8290387828787",NA,"Y",NA,NA,NA,"Grab"
"222","CG-21-0082","659.7756762700932",NA,"Y",NA,NA,NA,"Grab"
"223","CG-21-0083","263.2271650434425",NA,"Y",NA,NA,NA,"Grab"
"224","CG-21-0084","617.5834840531147",NA,"Y",NA,NA,NA,"Grab"
"225","CG-21-0085","506.35242128521196",NA,"Y","Devereux",2021-01-28,1899-12-31 15:00:00,"Grab"
"226","CG-21-0086","636.2768713357295",NA,"Y","Venoco",2021-01-28,1899-12-31 15:15:00,"Grab"
"227","CG-21-0087","315.40055870959446",NA,"Y","Devereux",2021-01-29,1899-12-31 08:45:00,"Grab"
"228","CG-21-0088","692.712662787502",NA,"Y","Venoco",2021-01-29,1899-12-31 09:00:00,"Grab"
"229","CG-21-0089","5625.13733245441",NA,"Y",NA,NA,NA,"Grab"
"230","CG-21-0090","4991.179381265851",NA,"Y",NA,NA,NA,"Grab"
"231","CG-21-0091","1772.9690412328982",NA,"Y","COPR",2021-01-28,1899-12-31 16:00:00,"Grab"
"232","CG-21-0092","1348.3146067415603",NA,"Y","COPR",2021-01-28,1899-12-31 16:30:00,"Grab"
"233","CG-21-0093","1505.5431360919674",NA,"Y","COPR",2021-01-28,1899-12-31 17:00:00,"Grab"
"234","CG-21-0094","1199.7333925794092",NA,"Y","COPR",2021-01-28,1899-12-31 17:30:00,"Grab"
"235","CG-21-0095","1187.4314943368881",NA,"Y","COPR",2021-01-28,1899-12-31 18:00:00,"Grab"
"236","CG-21-0096","1358.142061659637",NA,"Y","COPR",2021-01-28,1899-12-31 18:30:00,"Grab"
"237","CG-21-0097","1549.2209631728422",NA,"Y","COPR",2021-01-28,1899-12-31 19:30:00,"Grab"
"238","CG-21-0098","1122.4856321839084",NA,"Y","COPR",2021-01-28,1899-12-31 20:30:00,"Grab"
"239","CG-21-0099","1226.4729468370722",NA,"Y","COPR",2021-01-28,1899-12-31 21:30:00,"Grab"
"240","CG-21-0103","400.40930729191354",NA,"Y",NA,NA,NA,"Grab"
"241","CG-21-0104","440.2958788306117",NA,"Y",NA,NA,NA,"Grab"
"242","CG-21-0105","2816.779337840205",NA,"Y",NA,NA,NA,"Grab"
"243","CG-21-0106","686.4890376281658",NA,"Y",NA,NA,NA,"Grab"
"244","CG-21-0121","317.0002717144877",NA,"Y","Devereux",2021-03-10,1899-12-31 00:00:00,"Grab"
"245","CG-21-0122","31.065989847715652",NA,"Y",NA,NA,NA,NA
"246","CG-21-0123","25.74364521362875",NA,"Y",NA,NA,NA,NA
"247","CG-22-0033","1700.7584463341968",NA,"Y","Devereux",2021-10-25,1899-12-31 09:00:00,"Grab"
"248","CG-22-0033","1700.7584463341968",NA,"Y","Devereux",2021-10-25,1899-12-31 09:00:00,"Grab"
"249","CG-22-0034","271.8868950516688",NA,"Y","Devereux",2021-10-25,1899-12-31 11:30:00,"Grab"
"250","CG-22-0034","271.8868950516688",NA,"Y","Devereux",2021-10-25,1899-12-31 11:30:00,"Grab"
"251","CG-22-0035","5.948717948718296",NA,"Y","Whittier",2021-11-09,1899-12-31 09:15:00,"Grab"
"252","CG-22-0036","3102.1897810219293",NA,"Y","Phelps",2021-11-09,1899-12-31 09:30:00,"Grab"
"253","CG-22-0066","350.17070822025",NA,"Y","Devereux",2021-12-14,1899-12-31 07:00:00,"Grab"
"254","CG-22-0066","350.17070822025",NA,"Y","Devereux",2021-12-14,1899-12-31 07:00:00,"Grab"
"255","CG-22-0067","307.9765937789053",NA,"Y","Devereux",2021-12-14,1899-12-31 08:00:00,"Grab"
"256","CG-22-0068","322.6103788367277",NA,"Y","Devereux",2021-12-14,1899-12-31 09:00:00,"Grab"
"257","CG-22-0068","322.6103788367277",NA,"Y","Devereux",2021-12-14,1899-12-31 09:00:00,"Grab"
"258","CG-22-0069","269.08242891740184",NA,"Y","Devereux",2021-12-14,1899-12-31 12:00:00,"Grab"
"259","CG-22-0069","269.08242891740184",NA,"Y","Devereux",2021-12-14,1899-12-31 12:00:00,"Grab"
"260","CG-22-0081","534.3069593481657",NA,"Y","Devereux",2021-12-23,1899-12-31 14:15:00,"Grab"
"261","CG-22-0081","534.3069593481657",NA,"Y","Devereux",2021-12-23,1899-12-31 14:15:00,"Grab"
"262","CG-22-0082","383.59901116700803",NA,"Y","Phelps",2021-12-23,1899-12-31 14:30:00,"Grab"
"263","CG-22-0083","129.5336787564816",NA,"Y","Whittier",2021-12-23,1899-12-31 14:45:00,"Grab"
"264","CG-22-0084","105.73476702508961",NA,"Y","Venoco",2021-12-23,1899-12-31 15:00:00,"Grab"
"265","CG-22-0085","14.412416851441199",NA,"Y","Devereux",2021-12-29,1899-12-31 08:00:00,"Grab"
"266","CG-22-0085","14.412416851441199",NA,"Y","Devereux",2021-12-29,1899-12-31 08:00:00,"Grab"
"267","CG-22-0086","13.852813852813865",NA,"Y","Devereux",2021-12-29,1899-12-31 09:00:00,"Grab"
"268","CG-22-0087","13.92931392931393",NA,"Y","Devereux",2021-12-29,1899-12-31 10:00:00,"Grab"
"269","CG-22-0087","13.92931392931393",NA,"Y","Devereux",2021-12-29,1899-12-31 10:00:00,"Grab"
"270","CG-22-0088","15.730337078651688",NA,"Y","Devereux",2021-12-29,1899-12-31 11:00:00,"Grab"
"271","CG-22-0103","60.12024048096163",NA,"Y","Venoco",2022-01-03,1899-12-31 09:30:00,"Grab"
"272","CG-22-0104","13.759689922480588",NA,"Y","Venoco",2022-01-03,1899-12-31 11:15:00,"Grab"
"273","CG-22-0105","12.343096234309634",NA,"Y","Venoco",2022-01-03,1899-12-31 16:00:00,"Grab"
"274","CG-22-0130","91.6128441207275",NA,"Y","Devereux",2022-03-28,1899-12-31 07:30:00,"Grab"
"275","CG-22-0130","91.6128441207275",NA,"Y","Devereux",2022-03-28,1899-12-31 07:30:00,"Grab"
"276","CG-22-0131","90.72763563779723",NA,"Y","Devereux",2022-03-28,1899-12-31 11:45:00,"Grab"
"277","CG-22-0131","90.72763563779723",NA,"Y","Devereux",2022-03-28,1899-12-31 11:45:00,"Grab"
"278","CG-22-0132","135.69748507328177",NA,"Y","Devereux",2022-03-28,1899-12-31 13:25:00,"Grab"
"279","CG-22-0132","135.69748507328177",NA,"Y","Devereux",2022-03-28,1899-12-31 13:25:00,"Grab"
"280","CG-22-0133","178.07060499484504",NA,"Y","Devereux",2022-03-28,1899-12-31 05:30:00,"Grab"
"281","CG-22-0133","178.07060499484504",NA,"Y","Devereux",2022-03-28,1899-12-31 05:30:00,"Grab"
"282","CI-21-0018","1960.6171681868893",NA,"Y",NA,NA,NA,"ISCO"
"283","CI-21-0019","1924.7124121570516",NA,"Y",NA,NA,NA,"ISCO"
"284","CI-21-0020","1423.614200551683",NA,"Y","Phelps",2020-12-27,1899-12-31 23:00:00,"ISCO"
"285","CI-21-0021","865.1306802659035",NA,"Y","Phelps",2020-12-28,1899-12-31 00:00:00,"ISCO"
"286","CI-21-0022","706.5577390152828",NA,"Y","Phelps",2020-12-28,1899-12-31 01:00:00,"ISCO"
"287","CI-21-0023","674.2179072276415",NA,"Y","Phelps",2020-12-28,1899-12-31 02:00:00,"ISCO"
"288","CI-21-0024","534.9977708426418",NA,"Y","Phelps",2020-12-28,1899-12-31 03:00:00,"ISCO"
"289","CI-21-0025","449.76162633801533",NA,"Y","Phelps",2020-12-28,1899-12-31 04:00:00,"ISCO"
"290","CI-21-0026","445.87123238806106",NA,"Y","Phelps",2020-12-28,1899-12-31 05:00:00,"ISCO"
"291","CI-21-0027","549.5511998534738",NA,"Y","Phelps",2020-12-28,1899-12-31 06:00:00,"ISCO"
"292","CI-21-0028","582.9335007398569",NA,"Y","Phelps",2020-12-28,1899-12-31 07:00:00,"ISCO"
"293","CI-21-0029","570.1254275940507",NA,"Y","Phelps",2020-12-28,1899-12-31 08:00:00,"ISCO"
"294","CI-21-0030","621.0904573887608",NA,"Y","Phelps",2020-12-28,1899-12-31 09:00:00,"ISCO"
"295","CI-21-0031","662.8955276648651",NA,"Y","Phelps",2020-12-28,1899-12-31 10:00:00,"ISCO"
"296","CI-21-0032","398.9538543375301",NA,"Y","Phelps",2020-12-28,1899-12-31 11:00:00,"ISCO"
"297","CI-21-0033","223.56360384528128",NA,"Y","Phelps",2020-12-28,1899-12-31 12:00:00,"ISCO"
"298","CI-21-0034","266.3234053886203",NA,"Y","Phelps",2020-12-28,1899-12-31 13:00:00,"ISCO"
"299","CI-21-0035","311.95686082264444",NA,"Y","Phelps",2020-12-28,1899-12-31 14:00:00,"ISCO"
"300","CI-21-0036","487.43740860548337",NA,"Y","Phelps",2020-12-28,1899-12-31 15:00:00,"ISCO"
"301","CI-21-0037","382.6469603482005",NA,"Y","Phelps",2020-12-28,1899-12-31 16:00:00,"ISCO"
"302","CI-21-0038","307.9765937788428",NA,"Y","Phelps",2020-12-28,1899-12-31 17:00:00,"ISCO"
"303","CI-21-0039","399.68025579537886",NA,"Y","Phelps",2020-12-28,1899-12-31 18:00:00,"ISCO"
"304","CI-21-0040","397.561622051433",NA,"Y","Phelps",2020-12-28,1899-12-31 19:00:00,"ISCO"
"305","CI-21-0041","570.450656018297",NA,"Y","Phelps",2020-12-28,1899-12-31 20:00:00,"ISCO"
"306","CI-21-0045","9.850939727803276",NA,"Y",NA,NA,NA,NA
"307","CI-21-0046","483.66530360989947",NA,"Y",NA,NA,NA,"ISCO"
"308","CI-21-0047","219.66435286880397",NA,"Y","Phelps",2021-01-27,1899-12-31 08:00:00,"ISCO"
"309","CI-21-0048","276.25581288273986",NA,"Y","Phelps",2021-01-27,1899-12-31 11:00:00,"ISCO"
"310","CI-21-0049","259.44824007611464",NA,"Y",NA,NA,NA,"ISCO"
"311","CI-21-0050","302.4934099650291",NA,"Y",NA,NA,NA,"ISCO"
"312","CI-21-0051","7.893061744111951",NA,"Y",NA,NA,NA,NA
"313","CI-21-0052","716.6532294185998",NA,"Y","Phelps",2021-01-28,1899-12-31 14:00:00,"ISCO"
"314","CI-21-0053","578.85831329591",NA,"Y","Phelps",2021-01-28,1899-12-31 15:30:00,"ISCO"
"315","CI-21-0054","445.91099616514015",NA,"Y","Phelps",2021-01-28,1899-12-31 17:00:00,"ISCO"
"316","CI-21-0055","376.54146662900445",NA,"Y",NA,NA,NA,"ISCO"
"317","CI-21-0056","608.6691882961636",NA,"Y",NA,NA,NA,"ISCO"
"318","CI-21-0057","359.34060998074165",NA,"Y",NA,NA,NA,"ISCO"
"319","CI-21-0058","175.56179775283638",NA,"Y",NA,NA,NA,"ISCO"
"320","CI-21-0059","43.574883437209095",NA,"Y",NA,NA,NA,"ISCO"
"321","CI-21-0060","133.39261894175695",NA,"Y",NA,NA,NA,"ISCO"
"322","CI-21-0061","43.20027648179158",NA,"Y",NA,NA,NA,"ISCO"
"323","CI-21-0062","177.5095411378639",NA,"Y",NA,NA,NA,"ISCO"
"324","CI-21-0063","6.891798759476242",NA,"Y",NA,NA,NA,NA
"325","CI-21-0064","179.0350013427905",NA,"Y",NA,NA,NA,"ISCO"
"326","CI-21-0065","131.5039670363439",NA,"Y",NA,NA,NA,"ISCO"
"327","CI-21-0066","225.80499480647225",NA,"Y",NA,NA,NA,"ISCO"
"328","CI-21-0067","172.05781142466554",NA,"Y",NA,NA,NA,"ISCO"
"329","CI-21-0068","87.62705923593687",NA,"Y",NA,NA,NA,"ISCO"
"330","CI-21-0069","35.48163548163547",NA,"Y",NA,NA,NA,NA
"331","CI-21-0070","7876.094513134124",NA,"Y",NA,NA,NA,"ISCO"
"332","CI-21-0071","593.146872290895",NA,"Y",NA,NA,NA,"ISCO"
"333","CI-21-0072","10229.735587342866",NA,"Y",NA,NA,NA,"ISCO"
"334","CI-21-0073","40.37184594953518",NA,"Y",NA,NA,NA,NA
"335","CI-21-0074","25.498007968127865",NA,"Y",NA,NA,NA,NA
"336","CI-21-0075","707.3699102524903",NA,"Y","Venoco",2021-01-28,1899-12-31 15:30:00,"ISCO"
"337","CI-21-0076","588.0756355740317",NA,"Y","Venoco",2021-01-28,1899-12-31 17:00:00,"ISCO"
"338","CI-21-0077","668.1216872299929",NA,"Y",NA,NA,NA,"ISCO"
"339","CI-21-0100","671.44136078785",NA,"Y",NA,NA,NA,"ISCO"
"340","CI-21-0101","444.1483455473875",NA,"Y",NA,NA,NA,"ISCO"
"341","CI-21-0102","574.7380520800896",NA,"Y",NA,NA,NA,"ISCO"
"342","CI-21-0107","3.1578947368420986",NA,"Y",NA,NA,NA,NA
"343","CI-21-0108","1958.427916499745",NA,"Y",NA,NA,NA,"ISCO"
"344","CI-21-0109","1166.2853810613426",NA,"Y",NA,NA,NA,"ISCO"
"345","CI-21-0110","541.1987552428834",NA,"Y",NA,NA,NA,"ISCO"
"346","CI-21-0111","27.12328767123283",NA,"Y",NA,NA,NA,NA
"347","CI-21-0112","581.2133947332921",NA,"Y",NA,NA,NA,"ISCO"
"348","CI-21-0113","744.2756446740584",NA,"Y",NA,NA,NA,"ISCO"
"349","CI-21-0114","305.85048280686584",NA,"Y",NA,NA,NA,"ISCO"
"350","CI-21-0115","20.161290322581053",NA,"Y",NA,NA,NA,NA
"351","CI-21-0116","13.920454545454527",NA,"Y",NA,NA,NA,NA
"352","CI-21-0117","12.702893436838416",NA,"Y",NA,NA,NA,NA
"353","CI-21-0118","4.881550610194179",NA,"Y",NA,NA,NA,NA
"354","CI-21-0119","1.9774011299435341",NA,"Y",NA,NA,NA,NA
"355","CI-21-0120","11.614730878187002",NA,"Y",NA,NA,NA,NA
"356","CI-21-0124","75.90618336886992",NA,"Y",NA,NA,NA,NA
"357","CI-21-0125","30.17356475300403",NA,"Y",NA,NA,NA,NA
"358","CI-21-0126","58.570437196391346",NA,"Y",NA,NA,NA,NA
"359","CI-21-0127","32.6027397260277",NA,"Y",NA,NA,NA,NA
"360","CI-21-0128","10.189418680601182",NA,"Y",NA,NA,NA,NA
"361","CI-21-0129","261.3240418118566",NA,"Y",NA,NA,NA,"ISCO"
"362","CI-21-0130","130.06156247290875",NA,"Y",NA,NA,NA,"ISCO"
"363","CI-21-0131","5.329780146568935",NA,"Y",NA,NA,NA,NA
"364","CI-21-0132","66.29213483146071",NA,"Y",NA,NA,NA,NA
"365","CI-21-0133","39.609483960948616",NA,"Y",NA,NA,NA,NA
"366","CI-21-0134","90.36280666875716",NA,"Y",NA,NA,NA,"ISCO"
"367","CI-21-0135","5.45977011494254",NA,"Y",NA,NA,NA,NA
"368","CI-21-0136","4.046242774566283",NA,"Y",NA,NA,NA,NA
"369","CI-21-0138","67.31198808637374",NA,"Y",NA,NA,NA,NA
"370","CI-21-0139","25.82456140350867",NA,"Y",NA,NA,NA,NA
"371","CI-21-0140","18.53932584269671",NA,"Y",NA,NA,NA,NA
"372","CI-22-00010","652.4069155133072",NA,"Y",NA,NA,NA,NA
"373","CI-22-0003","31.15942028985501",NA,"Y","Phelps",2021-10-24,1899-12-31 13:40:00,"ISCO"
"374","CI-22-0004","4.945054945054522",NA,"Y","Phelps",2021-10-25,1899-12-31 03:00:00,"ISCO"
"375","CI-22-0005","5.9016393442625175",NA,"Y","Phelps",2021-10-25,1899-12-31 05:00:00,"ISCO"
"376","CI-22-0006","11.02040816326535",NA,"Y","Phelps",2021-10-25,1899-12-31 06:00:00,"ISCO"
"377","CI-22-0007","12.478336221836638",NA,"Y","Phelps",2021-10-25,1899-12-31 07:00:00,"ISCO"
"378","CI-22-0008","17.777777777777793",NA,"Y","Phelps",2021-10-25,1899-12-31 08:00:00,"ISCO"
"379","CI-22-0009","134.02061855670044",NA,"Y","Phelps",2021-10-25,1899-12-31 09:00:00,"ISCO"
"380","CI-22-0011","567.0912580701249",NA,"Y","Phelps",2021-10-25,1899-12-31 11:00:00,"ISCO"
"381","CI-22-0012","470.87025384187075",NA,"Y","Phelps",2021-10-25,1899-12-31 12:00:00,"ISCO"
"382","CI-22-0013","397.05298451494866",NA,"Y","Phelps",2021-10-25,1899-12-31 13:00:00,"ISCO"
"383","CI-22-0014","36.038961038960814",NA,"Y","Phelps",2021-10-25,1899-12-31 14:00:00,"ISCO"
"384","CI-22-0015","8.125819134993431",NA,"Y","Phelps",2021-10-25,1899-12-31 22:00:00,"ISCO"
"385","CI-22-0016","11.202185792349752",NA,"Y","Phelps",2021-10-25,1899-12-31 23:00:00,"ISCO"
"386","CI-22-0017","3797.062994647571",NA,"Y","Venoco",2021-10-25,1899-12-31 10:00:00,"ISCO"
"387","CI-22-0018","2904.832165252654",NA,"Y","Venoco",2021-10-25,1899-12-31 11:00:00,"ISCO"
"388","CI-22-0019","1505.376344085997",NA,"Y","Venoco",2021-10-25,1899-12-31 12:00:00,"ISCO"
"389","CI-22-0020","1191.286589516683",NA,"Y","Venoco",2021-10-25,1899-12-31 13:00:00,"ISCO"
"390","CI-22-0021","1091.75073147299",NA,"Y","Venoco",2021-10-25,1899-12-31 14:00:00,"ISCO"
"391","CI-22-0022","1224.097228294138",NA,"Y","Venoco",2021-10-25,1899-12-31 18:00:00,"ISCO"
"392","CI-22-0023","1360.3591348116418",NA,"Y","Venoco",2021-10-25,1899-12-31 22:00:00,"ISCO"
"393","CI-22-0024","1209.9213551119226",NA,"Y","Venoco",2021-10-25,1899-12-31 23:00:00,"ISCO"
"394","CI-22-0025","209.0909090908901",NA,"Y","Whittier",2021-10-25,1899-12-31 09:00:00,"ISCO"
"395","CI-22-0026","83.01886792452864",NA,"Y","Whittier",2021-10-25,1899-12-31 10:00:00,"ISCO"
"396","CI-22-0027","20.833333333331954",NA,"Y","Whittier",2021-10-25,1899-12-31 11:00:00,"ISCO"
"397","CI-22-0028","18.840579710143487",NA,"Y","Whittier",2021-10-25,1899-12-31 12:00:00,"ISCO"
"398","CI-22-0029","29.850746268655417",NA,"Y","Whittier",2021-10-25,1899-12-31 13:00:00,"ISCO"
"399","CI-22-0030","27.01421800947867",NA,"Y","Whittier",2021-10-25,1899-12-31 14:00:00,"ISCO"
"400","CI-22-0032","350.93876118616555",NA,"Y","Whittier",2021-10-25,1899-12-31 23:00:00,"ISCO"
"401","CI-22-0038","1590.527524962443",NA,"Y","Phelps",2021-12-13,1899-12-31 09:15:00,"ISCO"
"402","CI-22-0039","36.38743455497341",NA,"Y","Venoco",2021-12-13,1899-12-31 12:00:00,"ISCO"
"403","CI-22-0043","2699.8780700226635",NA,"Y","Venoco",2021-12-13,1899-12-31 23:15:00,"ISCO"
"404","CI-22-0044","2586.911137333246",NA,"Y","Venoco",2021-12-14,1900-01-01 00:30:00,"ISCO"
"405","CI-22-0045","2520.478890989298",NA,"Y","Venoco",2021-12-14,1900-01-01 01:45:00,"ISCO"
"406","CI-22-0046","1805.2869116698976",NA,"Y","Venoco",2021-12-14,1900-01-01 03:00:00,"ISCO"
"407","CI-22-0047","1215.2250336356976",NA,"Y","Venoco",2021-12-14,1900-01-01 04:15:00,"ISCO"
"408","CI-22-0048","1220.228679893325",NA,"Y","Venoco",2021-12-14,1899-12-31 06:45:00,"ISCO"
"409","CI-22-0049","1659.1928251120642",NA,"Y","Venoco",2021-12-14,1899-12-31 09:15:00,"ISCO"
"410","CI-22-0050","434.23509488040526",NA,"Y","Venoco",2021-12-14,1899-12-31 10:30:00,"ISCO"
"411","CI-22-0051","564.554653233203",NA,"Y","Venoco",2021-12-14,1899-12-31 13:00:00,"ISCO"
"412","CI-22-0052","547.8759271746269",NA,"Y","Venoco",2021-12-14,1899-12-31 15:30:00,"ISCO"
"413","CI-22-0053","1729.4133297858214",NA,"Y","Phelps",2021-12-13,1899-12-31 12:00:00,"ISCO"
"414","CI-22-0054","1731.7170640735342",NA,"Y","Phelps",2021-12-13,1899-12-31 13:15:00,"ISCO"
"415","CI-22-0055","1721.398305084748",NA,"Y","Phelps",2021-12-13,1899-12-31 15:45:00,"ISCO"
"416","CI-22-0056","1766.175583699477",NA,"Y","Phelps",2021-12-13,1899-12-31 17:00:00,"ISCO"
"417","CI-22-0057","2014.9554470962382",NA,"Y","Phelps",2021-12-13,1899-12-31 19:30:00,"ISCO"
"418","CI-22-0058","393.1847968544744",NA,"Y","Phelps",2021-12-13,1899-12-31 20:45:00,"ISCO"
"419","CI-22-0059","2332.466134385915",NA,"Y","Phelps",2021-12-13,1899-12-31 23:15:00,"ISCO"
"420","CI-22-0060","2191.1192594911013",NA,"Y","Phelps",2021-12-14,1899-12-31 03:00:00,"ISCO"
"421","CI-22-0061","583.5521653953589",NA,"Y","Phelps",2021-12-14,1899-12-31 05:30:00,"ISCO"
"422","CI-22-0062","648.6766995329774",NA,"Y","Phelps",2021-12-14,1899-12-31 06:45:00,"ISCO"
"423","CI-22-0063","19.786096256684807",NA,"Y","Phelps",2021-12-14,1899-12-31 09:15:00,"ISCO"
"424","CI-22-0064","481.65338470969186",NA,"Y","Phelps",2021-12-14,1899-12-31 11:45:00,"ISCO"
"425","CI-22-0065","705.3063933950201",NA,"Y","Phelps",2021-12-14,1899-12-31 15:30:00,"ISCO"
"426","CI-22-0070","92.0301859009572",NA,"Y","Whittier",2021-12-13,1899-12-31 19:30:00,"ISCO"
"427","CI-22-0072","223.28406198364289",NA,"Y","Whittier",2021-12-13,1899-12-31 22:00:00,"ISCO"
"428","CI-22-0074","88.73114463174808",NA,"Y","Whittier",2021-12-14,1899-12-31 01:45:00,"ISCO"
"429","CI-22-0075","86.57633868668124",NA,"Y","Whittier",2021-12-14,1899-12-31 03:00:00,"ISCO"
"430","CI-22-0076","133.45195729537872",NA,"Y","Whittier",2021-12-14,1899-12-31 05:30:00,"ISCO"
"431","CI-22-0077","42.31729507852024",NA,"Y","Whittier",2021-12-14,1899-12-31 06:45:00,"ISCO"
"432","CI-22-0078","215.38726630480383",NA,"Y","Whittier",2021-12-14,1899-12-31 09:15:00,"ISCO"
"433","CI-22-0079","215.21112211077843",NA,"Y","Whittier",2021-12-14,1899-12-31 11:45:00,"ISCO"
"434","CI-22-0080","435.63493792205855",NA,"Y","Whittier",2021-12-14,1899-12-31 15:30:00,"ISCO"
"435","CI-22-0089","8.333333333333341",NA,"Y","Whittier",2021-12-29,1899-12-31 00:00:00,"ISCO"
"436","CI-22-0090","8.035714285714276",NA,"Y","Whittier",2021-12-29,1899-12-31 02:00:00,"ISCO"
"437","CI-22-0090","997.7324263039142",NA,"Y","Whittier",2021-12-29,1899-12-31 02:00:00,"ISCO"
"438","CI-22-0091","8.84955752212391",NA,"Y","Whittier",2021-12-29,1899-12-31 04:00:00,"ISCO"
"439","CI-22-0092","9.604519774011308",NA,"Y","Whittier",2021-12-29,1899-12-31 05:00:00,"ISCO"
"440","CI-22-0093","6.3127690100431115",NA,"Y","Whittier",2021-12-29,1899-12-31 07:00:00,"ISCO"
"441","CI-22-0094","5.507246376811598",NA,"Y","Whittier",2021-12-29,1899-12-31 09:00:00,"ISCO"
"442","CI-22-0095","5.089820359281424",NA,"Y","Whittier",2021-12-29,1899-12-31 10:00:00,"ISCO"
"443","CI-22-0096","5.586592178770962",NA,"Y","Whittier",2021-12-29,1899-12-31 11:30:00,"ISCO"
"444","CI-22-0099","43.523316062176164",NA,"Y","Venoco",2021-12-29,1899-12-31 06:30:00,"ISCO"
"445","CI-22-0100","4161.795651157356",NA,"Y","Venoco",2021-12-29,1899-12-31 08:00:00,"ISCO"
"446","CI-22-0101","5052.099778970654",NA,"Y","Venoco",2021-12-29,1899-12-31 09:30:00,"ISCO"
"447","CI-22-0102","4508.885156042772",NA,"Y","Venoco",2021-12-29,1899-12-31 10:30:00,"ISCO"
"448","CI-22-0111","674.5646949702626",NA,"Y","Whittier",2022-03-28,1899-12-31 06:00:00,"ISCO"
"449","CI-22-0112","130.00520020801326",NA,"Y","Whittier",2022-03-28,1899-12-31 07:00:00,"ISCO"
"450","CI-22-0113","228.27923115553654",NA,"Y","Whittier",2022-03-28,1899-12-31 08:00:00,"ISCO"
"451","CI-22-0114","88.56611460453468",NA,"Y","Whittier",2022-03-28,1899-12-31 09:00:00,"ISCO"
"452","CI-22-0115","128.9601513132491",NA,"Y","Whittier",2022-03-28,1899-12-31 10:00:00,"ISCO"
"453","CI-22-0116","136.20885357548755",NA,"Y","Whittier",2022-03-28,1899-12-31 13:00:00,"ISCO"
"454","CI-22-0117","222.5288174819145",NA,"Y","Whittier",2022-03-28,1899-12-31 17:00:00,"ISCO"
"455","CI-22-0118","308.3700440528334",NA,"Y","Whittier",2022-03-28,1899-12-31 21:00:00,"ISCO"
"456","CI-22-0119","2126.3669501822374",NA,"Y","Phelps",2022-03-27,1899-12-31 22:00:00,"ISCO"
"457","CI-22-0120","1940.1208166144795",NA,"Y","Phelps",2022-03-27,1899-12-31 00:00:00,"ISCO"
"458","CI-22-0121","1917.7962777317603",NA,"Y","Phelps",2022-03-28,1899-12-31 04:00:00,"ISCO"
"459","CI-22-0122","2052.3803149957334",NA,"Y","Phelps",2022-03-28,1899-12-31 05:00:00,"ISCO"
"460","CI-22-0123","1059.509094119765",NA,"Y","Phelps",2022-03-28,1899-12-31 06:00:00,"ISCO"
"461","CI-22-0124","1386.9625520111276",NA,"Y","Phelps",2022-03-28,1899-12-31 07:00:00,"ISCO"
"462","CI-22-0125","316.59882406147983",NA,"Y","Phelps",2022-03-28,1899-12-31 09:00:00,"ISCO"
"463","CI-22-0126","412.2955701131678",NA,"Y","Phelps",2022-03-28,1899-12-31 10:00:00,"ISCO"
"464","CI-22-0127","466.9128570822167",NA,"Y","Phelps",2022-03-28,1899-12-31 12:00:00,"ISCO"
"465","CI-22-0128","388.3662725467732",NA,"Y","Phelps",2022-03-28,1899-12-31 17:00:00,"ISCO"
"466","CI-22-0129","11.671087533156472",NA,"Y","Phelps",2022-03-28,1899-12-31 21:00:00,"ISCO"
"467",NA,NA,NA,NA,NA,NA,NA,NA
"468",NA,NA,NA,NA,NA,NA,NA,NA
