"","Sample Number","TSS (mg/L)","NOTES","Keepfor analysis","Location","Sample type","Date","Time"
"1","C-20-0001","1820.9699060762673",NA,"Y","Whittier","Isco","2019-11-27","03:00:00"
"2","C-20-0001","459.8335402584004",NA,"Y","Whittier","Isco","2019-11-27","03:00:00"
"3","C-20-0002","89.25383791501258",NA,"Y","Whittier","Isco","2019-11-27","04:00:00"
"4","C-20-0003","134.9042180051575",NA,"Y","Whittier","Isco","2019-11-27","04:30:00"
"5","C-20-0004","49.1738788355877",NA,"Y","Whittier","Isco","2019-11-27","05:00:00"
"6","C-20-0005","17.50741839762611",NA,"Y","Whittier","Isco","2019-11-27","06:30:00"
"7","C-20-0006","16.26506024096385",NA,"Y","Whittier","Isco","2019-11-27","08:00:00"
"8","C-20-0007","14.376996805111826",NA,"Y","Whittier","Isco","2019-11-27","10:30:00"
"9","C-20-0008","97.0543989906839",NA,"Y","Whittier","Isco","2019-12-04","14:00:00"
"10","C-20-0009","190.2497027348692",NA,"Y","Whittier","Isco","2019-12-04","16:00:00"
"11","C-20-0010","8.29986613119144",NA,"Y","Phelps","Isco","2019-12-03","22:00:00"
"12","C-20-0011","10.526315789473673",NA,"Y","Phelps","Isco","2019-12-04","00:00:00"
"13","C-20-0012","29.44444444444459",NA,"Y","Phelps","Isco","2019-12-04","02:00:00"
"14","C-20-0013","26.229508196721145",NA,"Y","Phelps","Isco","2019-12-04","04:00:00"
"15","C-20-0014","18.449197860962567",NA,"Y","Phelps","Isco","2019-12-04","06:00:00"
"16","C-20-0015","13.910761154855633",NA,"Y","Phelps","Isco","2019-12-04","07:30:00"
"17","C-20-0016","36.57587548638128",NA,"Y","Phelps","Isco","2019-12-04","08:30:00"
"18","C-20-0017","91.17432530997456",NA,"Y","Phelps","Isco","2019-12-04","09:00:00"
"19","C-20-0018","91.59186664222398",NA,"Y","Phelps","Isco","2019-12-04","11:00:00"
"20","C-20-0019","15.223097112860884",NA,"Y","Phelps","Isco","2019-12-04","16:00:00"
"21","C-20-0020","160.05056890012645",NA,"Y","Venoco","Isco","2019-12-03","22:00:00"
"22","C-20-0021","82342.09717772019",NA,"Y","Venoco","Isco","2019-12-04","01:00:00"
"23","C-20-0021","40564.90384615385",NA,"Y","Venoco","Isco","2019-12-04","01:00:00"
"24","C-20-0022","193.23943661971833",NA,"Y","Venoco","Isco","2019-12-04","03:00:00"
"25","C-20-0023","151.53949129852748",NA,"Y","Venoco","Isco","2019-12-04","06:00:00"
"26","C-20-0025","141.36546184738944",NA,"Y","Venoco","Isco","2019-12-04","12:00:00"
"27","C-20-0026","23350.12100202765",NA,"Y","Venoco","Isco","2019-12-04","16:00:00"
"28","C-20-0026","32138.55287238311",NA,"Y","Venoco","Isco","2019-12-04","16:00:00"
"29","C-20-0027","10.280373831775686",NA,"Y","Venoco","Isco","2020-03-10","10:00:00"
"30","C-20-0028","14.769230769230758",NA,"Y","Venoco","Isco","2020-03-09","22:00:00"
"31","C-20-0029","9.44625407166123",NA,"Y","Phelps","Isco","2020-03-10","10:00:00"
"32","C-20-0030","5.414012738853473",NA,"Y","Phelps","Isco","2020-03-09","22:00:00"
"33","C-20-0031","36.84210526315789",NA,"Y","Phelps","Isco","2020-03-11","10:00:00"
"34","C-20-0032","15.677966101694883",NA,"Y","Whittier","Isco","2020-03-11","16:00:00"
"35","C-20-0033","7.2413793103448345",NA,"Y","Venoco","Isco","2020-03-11","16:00:00"
"36","C-20-0034","539.4228175852043",NA,"Y","Phelps","Isco","2020-03-10","13:00:00"
"37","C-20-0035","492.8315412186355",NA,"Y","Phelps","Isco","2020-03-10","14:00:00"
"38","C-20-0036","82.44514106583073",NA,"Y","Phelps","Isco","2020-03-10","16:00:00"
"39","C-20-0037","308.80536439029987",NA,"Y","Phelps","Isco","2020-03-10","17:00:00"
"40","C-20-0038","646.74686327786",NA,"Y","Phelps","Isco","2020-03-10","22:00:00"
"41","C-20-0038","617.2295212062454",NA,"Y","Phelps","Isco","2020-03-10","22:00:00"
"42","C-20-0039","36.51315789473683",NA,"Y","Phelps","Isco","2020-03-11","02:00:00"
"43","C-20-0040","314.08444384622146",NA,"Y","Phelps","Isco","2020-03-11","03:00:00"
"44","C-20-0041","307.7058332234084",NA,"Y","Phelps","Isco","2020-03-11","05:00:00"
"45","C-20-0042","360.9782510603659",NA,"Y","Phelps","Isco","2020-03-11","09:00:00"
"46","C-20-0043","14.035087719298273",NA,"Y","Venoco","Isco","2020-03-10","13:00:00"
"47","C-20-0044","16.426512968299697",NA,"Y","Venoco","Isco","2020-03-10","15:00:00"
"48","C-20-0045","13.056379821957998",NA,"Y","Venoco","Isco","2020-03-10","20:00:00"
"49","C-20-0046","11.34545454545458",NA,"Y","Venoco","Isco","2020-03-11","02:00:00"
"50","C-20-0047","19.886363636363647",NA,"Y","Venoco","Isco","2020-03-11","04:00:00"
"51","C-20-0048","14.051522248243566",NA,"Y","Venoco","Isco","2020-03-11","10:00:00"
"52","C-20-0049","235.9826316782951",NA,"Y","Whittier","Isco","2020-03-10","13:00:00"
"53","C-20-0050","38.280616382806166",NA,"Y","Whittier","Isco","2020-03-10","14:00:00"
"54","C-20-0051","27.89115646258507",NA,"Y","Whittier","Isco","2020-03-10","15:00:00"
"55","C-20-0052","23.711340206185568",NA,"Y","Whittier","Isco","2020-03-10","18:00:00"
"56","C-20-0053","30.303030303030322",NA,"Y","Whittier","Isco","2020-03-10","22:00:00"
"57","C-20-0054","30.479452054794482",NA,"Y","Whittier","Isco","2020-03-11","02:00:00"
"58","C-20-0055","47.81714722902078",NA,"Y","Whittier","Isco","2020-03-11","04:00:00"
"59","C-20-0055","0.0",NA,"Y","Whittier","Isco","2020-03-11","04:00:00"
"60","C-20-0056","17.586206896551744",NA,"Y","Whittier","Isco","2020-03-11","10:00:00"
"61","C-20-0057","224.4366639734777",NA,"Y","Whittier","Isco","2020-03-15","22:00:00"
"62","C-20-0058","86.8394772263915",NA,"Y","Whittier","Isco","2020-03-16","02:00:00"
"63","C-20-0059","19.69140337986773",NA,"Y","Whittier","Isco","2020-03-16","03:00:00"
"64","C-20-0060","17.118402282453605",NA,"Y","Whittier","Isco","2020-03-16","04:00:00"
"65","C-20-0061","18.23444283646888",NA,"Y","Whittier","Isco","2020-03-16","05:00:00"
"66","C-20-0062","0.0",NA,"Y","Whittier","Isco","2020-03-16","06:00:00"
"67","C-20-0063","88.68393047178087",NA,"Y","Whittier","Isco","2020-03-16","07:00:00"
"68","C-20-0064","42.65129682997064",NA,"Y","Whittier","Isco","2020-03-16","08:00:00"
"69","C-20-0065","44.21452889421725",NA,"Y","Whittier","Isco","2020-03-16","09:00:00"
"70","C-20-0066","128.69460769594244",NA,"Y","Whittier","Isco","2020-03-16","11:00:00"
"71","C-20-0067","96.21397989125906",NA,"Y","Whittier","Isco","2020-03-16","12:00:00"
"72","C-20-0068","86.84324793745559",NA,"Y","Whittier","Isco","2020-03-16","13:00:00"
"73","C-20-0069","127.82819890068234",NA,"Y","Whittier","Isco","2020-03-16","15:00:00"
"74","C-20-0070","130.18008244739048",NA,"Y","Whittier","Isco","2020-03-16","16:00:00"
"75","C-20-0071","221.55264090752996",NA,"Y","Whittier","Isco","2020-03-16","17:00:00"
"76","C-20-0072","265.00596263416924",NA,"Y","Whittier","Isco","2020-03-16","18:00:00"
"77","C-20-0073","44.01408450706477",NA,"Y","Whittier","Isco","2020-03-16","21:00:00"
"78","C-20-0074","46.238498173602984",NA,"Y","Phelps","Isco","2020-03-15","22:00:00"
"79","C-20-0075","24.59459459459458",NA,"Y","Phelps","Isco","2020-03-16","02:00:00"
"80","C-20-0076","790.1321276502648",NA,"Y","Phelps","Isco","2020-03-16","03:00:00"
"81","C-20-0078","313.4796238244209",NA,"Y","Phelps","Isco","2020-03-16","06:00:00"
"82","C-20-0080","96.78199854825075",NA,"Y","Phelps","Isco","2020-03-16","08:00:00"
"83","C-20-0080","140.4987706358288",NA,"Y","Phelps","Isco","2020-03-16","08:00:00"
"84","C-20-0081","49.07252919817998",NA,"Y","Phelps","Isco","2020-03-16","10:00:00"
"85","C-20-0082","189.73531922963681",NA,"Y","Phelps","Isco","2020-03-16","12:00:00"
"86","C-20-0083","0.0",NA,"Y","Phelps","Isco","2020-03-16","13:00:00"
"87","C-20-0085","262.4671916010599",NA,"Y","Phelps","Isco","2020-03-16","16:00:00"
"88","C-20-0086","410.9401397196631",NA,"Y","Phelps","Isco","2020-03-16","17:00:00"
"89","C-20-0087","145.8576429404956",NA,"Y","Phelps","Isco","2020-03-16","18:00:00"
"90","C-20-0088","37.650389242745895",NA,"Y","Phelps","Isco","2020-03-16","20:00:00"
"91","C-20-0089","35.688793718772324",NA,"Y","Phelps","Isco","2020-03-16","21:00:00"
"92","C-20-0090","7.090464547677255",NA,"Y","Venoco","Isco","2020-03-15","22:00:00"
"93","C-20-0091","9.72568578553619",NA,"Y","Venoco","Isco","2020-03-16","05:00:00"
"94","C-20-0092","11.442786069651854",NA,"Y","Venoco","Isco","2020-03-16","09:00:00"
"95","C-20-0093","15.594059405940586",NA,"Y","Venoco","Isco","2020-03-16","12:00:00"
"96","C-20-0094","1475.839085931864",NA,"Y","Venoco","Isco","2020-03-16","14:00:00"
"97","C-20-0095","1378.6990989216658",NA,"Y","Venoco","Isco","2020-03-16","16:00:00"
"98","C-20-0096","133.6898395721976",NA,"Y","Venoco","Isco","2020-03-16","17:00:00"
"99","C-20-0097","781.5892314372854",NA,"Y","Venoco","Isco","2020-03-16","18:00:00"
"100","C-20-0099","1091.0578715279125",NA,"Y","Venoco","Isco","2020-03-16","20:00:00"
"101","C-20-0099","785.9258811437968",NA,"Y","Venoco","Isco","2020-03-16","20:00:00"
"102","C-20-0100","43.67765887744444",NA,"Y","Venoco","Isco","2020-03-16","21:00:00"
"103","C-20-0101","13.300492610837436",NA,"Y","Phelps","Isco","2020-03-10","12:00:00"
"104","C-20-0102","12.037037037037054",NA,"Y","Venoco","Isco","2020-03-10","23:00:00"
"105","C-20-0103","10.955710955710973",NA,"Y","Venoco","Isco","2020-03-11","03:00:00"
"106","C-20-0104","12.903225806451625",NA,"Y","Venoco","Isco","2020-03-11","06:00:00"
"107","C-20-0105","7.5294117647058965",NA,"Y","Venoco","Isco","2020-03-16","02:00:00"
"108","C-20-0106","8.83720930232558",NA,"Y","Venoco","Isco","2020-03-16","04:00:00"
"109","C-20-0107","8.986175115207379",NA,"Y","Venoco","Isco","2020-03-16","08:00:00"
"110","C-20-0108","14.055299539170498",NA,"Y","Venoco","Isco","2020-03-10","12:00:00"
"111","C-20-0109","13.053613053613043",NA,"Y","Venoco","Isco","2020-03-10","18:00:00"
"112","C-20-0110","12.441314553990612",NA,"Y","Venoco","Isco","2020-03-10","06:00:00"
"113","C-20-0111","9.263657957244662",NA,"Y","Venoco","Isco","2020-03-10","08:00:00"
"114","C-20-0112","13.761467889908241",NA,"Y","Venoco","Isco","2020-03-16","13:00:00"
"115","C-20-0115","39.540816326530475",NA,"Y","Phelps","Isco","2020-03-16","19:00:00"
"116","C-20-0116","182.6484018264477",NA,"Y","Whittier",NA,"2019-11-27","11:00:00"
"118","C-20-0121","45.616275887259896",NA,"Y","Whittier",NA,"2020-03-10","16:00:00"
"119","C-20-0122","92.57544899090918",NA,"Y","Whittier",NA,"2020-03-10","17:00:00"
"120","C-20-0123","637.7260511091904",NA,"Y","Phelps",NA,"2020-03-10","19:00:00"
"121","C-20-0124","227.8630998495974",NA,"Y","Whittier",NA,"2020-03-11","01:00:00"
"122","C-20-0125","141.00394811055244",NA,"Y","Whittier",NA,"2020-03-11","03:00:00"
"123","C-20-0126","316.21267561093725",NA,"Y","Phelps",NA,"2020-03-11","04:00:00"
"124","C-20-0127","235.84905660376015",NA,"Y","Phelps",NA,"2020-03-11","07:00:00"
"125","C-20-0128","895.6560680698103",NA,"Y","Phelps",NA,"2020-03-16","00:00:00"
"126","C-20-0129","542.2993492408015",NA,"Y","Phelps",NA,"2020-03-16","05:00:00"
"127","C-20-0130","3241.269116640008",NA,"Y","Venoco",NA,"2020-03-16","11:00:00"
"128","C-20-0131","186.8634962160434",NA,"Y","Phelps",NA,"2020-03-16","14:00:00"
"129","C-20-0132","1206.5637065637065",NA,"Y","Venoco",NA,"2020-03-16","15:00:00"
"130","C-20-0133","225.5503428365083",NA,"Y","Whittier",NA,"2020-03-16","19:00:00"
"131","CG-20-0001","67006.70478384272",NA,"Y","Venoco","Grab","2019-11-26","17:50:00"
"132","CG-20-0001","87030.90507726268",NA,"Y","Venoco","Grab","2019-11-26","17:50:00"
"133","CG-20-0002","61205.667812526226",NA,"Y","Venoco","Grab","2019-11-27","04:05:00"
"134","CG-20-0004","1546.3055834169363",NA,"Y","Venoco","Grab","2019-11-27","06:20:00"
"135","CG-20-0005","799.1251682368679",NA,"Y","Venoco","Grab","2019-11-27","10:15:00"
"136","CG-20-0006","10.700636942675175",NA,"Y","Phelps","Grab","2019-11-27","18:45:00"
"137","CG-20-0007","1054.5408529126419",NA,"Y","Phelps","Grab","2019-11-27","03:50:00"
"138","CG-20-0008","376.30137559059835",NA,"Y","Phelps","Grab","2019-11-27","05:00:00"
"139","CG-20-0009","4987.741990024544",NA,"Y","Phelps","Grab","2019-11-27","06:45:00"
"140","CG-20-0009","651.080201242968",NA,"Y","Phelps","Grab","2019-11-27","06:45:00"
"141","CG-20-0010","720.6557967751139",NA,"Y","Phelps","Grab","2019-11-27","10:55:00"
"142","CG-20-0011","251.41420490258653",NA,"Y","Devereux","Grab","2019-11-27","04:40:00"
"143","CG-20-0012","251.82573659028907",NA,"Y","Devereux","Grab","2019-11-27","05:45:00"
"144","CG-20-0013","48.25323296663345",NA,"Y","Devereux","Grab","2019-11-27","07:00:00"
"145","CG-20-0014","310.710639620015",NA,"Y","Devereux","Grab","2019-11-27","11:10:00"
"146","CG-20-0015","127.04865963664564",NA,"Y","Devereux","Grab","2019-12-04","01:00:00"
"147","CG-20-0015","90.65772177149826",NA,"Y","Devereux","Grab","2019-12-04","01:00:00"
"148","CG-20-0016","127.6432795813349",NA,"Y","Devereux","Grab","2019-12-04","08:45:00"
"149","CG-20-0017","25.105485232067483",NA,"Y","Devereux","Grab","2019-12-04","15:45:00"
"150","CG-20-0018","6313.993174061451",NA,"Y","Venoco","Grab","2019-12-04","00:15:00"
"151","CG-20-0019","47.51037344398348",NA,"Y","Venoco","Grab","2019-12-04","09:00:00"
"152","CG-20-0020","1792.1146953404636",NA,"Y","Venoco","Grab","2019-12-04","16:45:00"
"153","CG-20-0021","296.9247083775499",NA,"Y","Phelps","Grab","2019-12-04","00:45:00"
"154","CG-20-0022","87.04735376049022",NA,"Y","Phelps","Grab","2019-12-04","08:25:00"
"155","CG-20-0023","10.536585365853659",NA,"Y","Phelps","Grab","2019-12-04","16:00:00"
"156","CG-20-0025","14.271555996035644",NA,"Y","Whittier","Grab","2019-12-04","08:15:00"
"157","CG-20-0026","20.518134715025912",NA,"Y","Whittier","Grab","2019-12-04","15:25:00"
"163","CG-20-0031","7084.248755772759",NA,"Y","Venoco","Grab","2019-12-22","12:40:00"
"164","CG-20-0031","6979.466858789677",NA,"Y","Venoco","Grab","2019-12-22","12:40:00"
"165","CG-20-0032","0.0",NA,"Y","Whittier","Grab","2019-12-22","12:50:00"
"166","CG-20-0033","229.51572182693215",NA,"Y","Phelps","Grab","2019-12-22","13:05:00"
"167","CG-20-0033","268.88948642109114",NA,"Y","Phelps","Grab","2019-12-22","13:05:00"
"168","CG-20-0034","89.68207703688634",NA,"Y","Devereux","Grab","2019-12-22","13:25:00"
"174","CG-20-0039","8.722741433021808",NA,"Y","Venoco","Grab","2020-03-09","17:55:00"
"175","CG-20-0040","16.60735468564651",NA,"Y","Whittier","Grab","2020-03-09","18:10:00"
"176","CG-20-0041","14.832535885167683",NA,"Y","Phelps","Grab","2020-03-09","18:20:00"
"177","CG-20-0042","13.95856052344602",NA,"Y","Venoco","Grab","2020-03-10","09:20:00"
"178","CG-20-0043","12.629161882893232",NA,"Y","Whittier","Grab","2020-03-10","09:35:00"
"179","CG-20-0044","10.138248847926263",NA,"Y","Phelps","Grab","2020-03-10","09:50:00"
"180","CG-20-0045","15.990593768371541",NA,"Y","Venoco","Grab","2020-03-10","13:15:00"
"181","CG-20-0046","86.58008658006935",NA,"Y","Whittier","Grab","2020-03-10","13:30:00"
"182","CG-20-0047","308.92801977142585",NA,"Y","Phelps","Grab","2020-03-10","13:40:00"
"183","CG-20-0048","177.48591205569525",NA,"Y","Devereux","Grab","2020-03-10","13:55:00"
"184","CG-20-0048","182.80700150818632",NA,"Y","Devereux","Grab","2020-03-10","13:55:00"
"185","CG-20-0049","14.672686230248315",NA,"Y","Phelps","Grab","2020-03-11","09:05:00"
"186","CG-20-0050","208.96894721449144",NA,"Y","Devereux","Grab","2020-03-11","09:30:00"
"187","CG-20-0051","38.67069486404808",NA,"Y","Whittier","Grab","2020-03-11","09:50:00"
"188","CG-20-0052","19.700748129675567",NA,"Y","Venoco","Grab","2020-03-11","10:30:00"
"189","CG-20-0053","15.889029003783305",NA,"Y","Venoco","Grab","2020-03-11","16:25:00"
"190","CG-20-0054","13.436692506459966",NA,"Y","Whittier","Grab","2020-03-11","17:10:00"
"191","CG-20-0055","58.3713355048861",NA,"Y","Devereux","Grab","2020-03-11","17:40:00"
"192","CG-20-0056","11.442786069651854",NA,"Y","Phelps","Grab","2020-03-11","17:55:00"
"193","CG-20-0057","44.74272930651059",NA,"Y","Devereux","Grab","2020-03-15","22:10:00"
"194","CG-20-0058","7.824427480916222",NA,"Y","Phelps","Grab","2020-03-15","21:50:00"
"195","CG-20-0059","174.90161783999235",NA,"Y","Whittier","Grab","2020-03-15","22:30:00"
"196","CG-20-0060","8.969465648854975",NA,"Y","Venoco","Grab","2020-03-15","22:40:00"
"197","CG-20-0061","209.2400401740758",NA,"Y","Devereux","Grab","2020-03-16","10:30:00"
"198","CG-20-0062","268.18039601306157",NA,"Y","Phelps","Grab","2020-03-16","11:45:00"
"199","CG-20-0063","0.0",NA,"Y","Whittier","Grab","2020-03-16","13:15:00"
"200","CG-20-0064","2155.269184140765",NA,"Y","Venoco","Grab","2020-03-16","13:25:00"
"201","CG-21-0002","135.64839934889284",NA,"Y","Whittier","Grab","2020-12-27","22:30:00"
"202","CG-21-0002","135.64839934889284",NA,"Y","Whittier","Grab","2020-12-27","22:30:00"
"203","CG-21-0003","904.7726758652016",NA,"Y","Phelps","Grab","2020-12-27","23:00:00"
"204","CG-21-0003","904.7726758652016",NA,"Y","Phelps","Grab","2020-12-27","23:00:00"
"205","CG-21-0004","135.72818169479768",NA,"Y","Devereux","Grab","2020-12-27","23:30:00"
"206","CG-21-0004","135.72818169479768",NA,"Y","Devereux","Grab","2020-12-27","23:30:00"
"207","CG-21-0005","592.7412000729969",NA,"Y","Phelps","Grab","2020-12-28","08:00:00"
"208","CG-21-0005","592.7412000729969",NA,"Y","Phelps","Grab","2020-12-28","08:00:00"
"209","CG-21-0006","89.38148015729362",NA,"Y","Devereux","Grab","2020-12-28","08:15:00"
"210","CG-21-0006","89.38148015729362",NA,"Y","Devereux","Grab","2020-12-28","08:15:00"
"211","CG-21-0007","8.789062499999991",NA,"Y","Whittier","Grab","2020-12-28","08:30:00"
"212","CG-21-0008","1207.1687250441319",NA,"Y","Venoco","Grab","2020-12-28","08:45:00"
"213","CG-21-0008","1207.1687250441319",NA,"Y","Venoco","Grab","2020-12-28","08:45:00"
"214","CG-21-0009","222.52881748185123",NA,"Y","Devereux","Grab","2020-12-28","16:00:00"
"215","CG-21-0009","222.52881748185123",NA,"Y","Devereux","Grab","2020-12-28","16:00:00"
"216","CG-21-0010","537.8030744408655",NA,"Y","Venoco","Grab","2020-12-28","16:30:00"
"217","CG-21-0010","537.8030744408655",NA,"Y","Venoco","Grab","2020-12-28","16:30:00"
"218","CG-21-0011","44.202802457698425",NA,"Y","Whittier","Grab","2020-12-28","16:45:00"
"219","CG-21-0011","44.202802457698425",NA,"Y","Whittier","Grab","2020-12-28","16:45:00"
"220","CG-21-0012","413.73603640872153",NA,"Y","Phelps","Grab","2020-12-28","17:00:00"
"221","CG-21-0012","413.73603640872153",NA,"Y","Phelps","Grab","2020-12-28","17:00:00"
"222","CG-21-0013","7.831325301204802",NA,"Y","Whittier","Grab","2020-12-29","08:45:00"
"223","CG-21-0014","395.11809640876817",NA,"Y","Venoco","Grab","2020-12-29","09:00:00"
"224","CG-21-0014","395.11809640876817",NA,"Y","Venoco","Grab","2020-12-29","09:00:00"
"225","CG-21-0015","7.302231237322509",NA,"Y","Phelps","Grab","2020-12-29","09:30:00"
"226","CG-21-0016","32.50961010433824",NA,"Y","Devereux","Grab","2020-12-29","10:00:00"
"227","CG-21-0042","433.7976574926661",NA,"Y","Phelps","Grab","2021-01-25","15:00:00"
"228","CG-21-0042","433.7976574926661",NA,"Y","Phelps","Grab","2021-01-25","15:00:00"
"229","CG-21-0043","180.84817795463536",NA,"Y","Whittier","Grab","2021-01-25","15:15:00"
"230","CG-21-0043","180.84817795463536",NA,"Y","Whittier","Grab","2021-01-25","15:15:00"
"231","CG-21-0078","91.8442321822007",NA,"Y","Devereux","Grab","2021-01-27","08:30:00"
"232","CG-21-0078","91.8442321822007",NA,"Y","Devereux","Grab","2021-01-27","08:30:00"
"233","CG-21-0079","18.23770491803278",NA,"Y","Venoco","Grab","2021-01-26","23:00:00"
"234","CG-21-0080","1726.8098295328784",NA,"Y","Venoco","Grab","2021-01-27","09:00:00"
"235","CG-21-0081","263.8290387828787",NA,"Y","Devereux","Grab","2021-01-27","15:15:00"
"236","CG-21-0082","659.7756762700932",NA,"Y","Venoco","Grab","2021-01-27","16:00:00"
"237","CG-21-0083","263.2271650434425",NA,"Y","Devereux","Grab","2021-01-28","08:00:00"
"238","CG-21-0084","617.5834840531147",NA,"Y","Venoco","Grab","2021-01-28","08:45:00"
"239","CG-21-0085","506.35242128521196",NA,"Y","Devereux","Grab","2021-01-28","15:00:00"
"240","CG-21-0085","506.35242128521196",NA,"Y","Devereux","Grab","2021-01-28","15:00:00"
"241","CG-21-0086","636.2768713357295",NA,"Y","Venoco","Grab","2021-01-28","15:15:00"
"242","CG-21-0086","636.2768713357295",NA,"Y","Venoco","Grab","2021-01-28","15:15:00"
"243","CG-21-0087","315.40055870959446",NA,"Y","Devereux","Grab","2021-01-29","08:45:00"
"244","CG-21-0087","315.40055870959446",NA,"Y","Devereux","Grab","2021-01-29","08:45:00"
"245","CG-21-0088","692.712662787502",NA,"Y","Venoco","Grab","2021-01-29","09:00:00"
"246","CG-21-0088","692.712662787502",NA,"Y","Venoco","Grab","2021-01-29","09:00:00"
"247","CG-21-0089","5625.13733245441",NA,"Y","COPR","Grab","2021-01-28","12:45:00"
"248","CG-21-0090","4991.179381265851",NA,"Y","COPR","Grab","2021-01-28","15:30:00"
"249","CG-21-0091","1772.9690412328982",NA,"Y","COPR","Grab","2021-01-28","16:00:00"
"250","CG-21-0091","1772.9690412328982",NA,"Y","COPR","Grab","2021-01-28","16:00:00"
"251","CG-21-0092","1348.3146067415603",NA,"Y","COPR","Grab","2021-01-28","16:30:00"
"252","CG-21-0092","1348.3146067415603",NA,"Y","COPR","Grab","2021-01-28","16:30:00"
"253","CG-21-0093","1505.5431360919674",NA,"Y","COPR","Grab","2021-01-28","17:00:00"
"254","CG-21-0093","1505.5431360919674",NA,"Y","COPR","Grab","2021-01-28","17:00:00"
"255","CG-21-0094","1199.7333925794092",NA,"Y","COPR","Grab","2021-01-28","17:30:00"
"256","CG-21-0094","1199.7333925794092",NA,"Y","COPR","Grab","2021-01-28","17:30:00"
"257","CG-21-0095","1187.4314943368881",NA,"Y","COPR","Grab","2021-01-28","18:00:00"
"258","CG-21-0095","1187.4314943368881",NA,"Y","COPR","Grab","2021-01-28","18:00:00"
"259","CG-21-0096","1358.142061659637",NA,"Y","COPR","Grab","2021-01-28","18:30:00"
"260","CG-21-0096","1358.142061659637",NA,"Y","COPR","Grab","2021-01-28","18:30:00"
"261","CG-21-0097","1549.2209631728422",NA,"Y","COPR","Grab","2021-01-28","19:30:00"
"262","CG-21-0097","1549.2209631728422",NA,"Y","COPR","Grab","2021-01-28","19:30:00"
"263","CG-21-0098","1122.4856321839084",NA,"Y","COPR","Grab","2021-01-28","20:30:00"
"264","CG-21-0098","1122.4856321839084",NA,"Y","COPR","Grab","2021-01-28","20:30:00"
"265","CG-21-0099","1226.4729468370722",NA,"Y","COPR","Grab","2021-01-28","21:30:00"
"266","CG-21-0099","1226.4729468370722",NA,"Y","COPR","Grab","2021-01-28","21:30:00"
"267","CG-21-0103","400.40930729191354",NA,"Y","Devereux","Grab","2021-01-29","15:45:00"
"268","CG-21-0104","440.2958788306117",NA,"Y","Venoco","Grab","2021-01-29","16:30:00"
"271","CG-21-0121","317.0002717144877",NA,"Y","Devereux","Grab","2021-03-10","00:00:00"
"272","CG-21-0121","317.0002717144877",NA,"Y","Devereux","Grab","2021-03-10","00:00:00"
"273","CG-21-0122","31.065989847715652",NA,"Y","Devereux","Grab","2021-03-10","08:00:00"
"274","CG-21-0123","25.74364521362875",NA,"Y","Devereux","Grab","2021-03-10","15:00:00"
"275","CG-22-0033","1700.7584463341968",NA,"Y","Devereux","Grab","2021-10-25","09:00:00"
"276","CG-22-0033","1700.7584463341968",NA,"Y","Devereux","Grab","2021-10-25","09:00:00"
"277","CG-22-0034","271.8868950516688",NA,"Y","Devereux","Grab","2021-10-25","11:30:00"
"278","CG-22-0034","271.8868950516688",NA,"Y","Devereux","Grab","2021-10-25","11:30:00"
"281","CG-22-0066","350.17070822025",NA,"Y","Devereux","Grab","2021-12-14","07:00:00"
"282","CG-22-0066","350.17070822025",NA,"Y","Devereux","Grab","2021-12-14","07:00:00"
"283","CG-22-0067","307.9765937789053",NA,"Y","Devereux","Grab","2021-12-14","08:00:00"
"284","CG-22-0068","322.6103788367277",NA,"Y","Devereux","Grab","2021-12-14","09:00:00"
"285","CG-22-0068","322.6103788367277",NA,"Y","Devereux","Grab","2021-12-14","09:00:00"
"286","CG-22-0069","269.08242891740184",NA,"Y","Devereux","Grab","2021-12-14","12:00:00"
"287","CG-22-0069","269.08242891740184",NA,"Y","Devereux","Grab","2021-12-14","12:00:00"
"288","CG-22-0081","534.3069593481657",NA,"Y","Devereux","Grab","2021-12-23","14:15:00"
"289","CG-22-0081","534.3069593481657",NA,"Y","Devereux","Grab","2021-12-23","14:15:00"
"290","CG-22-0082","383.59901116700803",NA,"Y","Phelps","Grab","2021-12-23","14:30:00"
"291","CG-22-0083","129.5336787564816",NA,"Y","Whittier","Grab","2021-12-23","14:45:00"
"292","CG-22-0084","105.73476702508961",NA,"Y","Venoco","Grab","2021-12-23","15:00:00"
"293","CG-22-0085","14.412416851441199",NA,"Y","Devereux","Grab","2021-12-29","08:00:00"
"294","CG-22-0085","14.412416851441199",NA,"Y","Devereux","Grab","2021-12-29","08:00:00"
"295","CG-22-0086","13.852813852813865",NA,"Y","Devereux","Grab","2021-12-29","09:00:00"
"296","CG-22-0087","13.92931392931393",NA,"Y","Devereux","Grab","2021-12-29","10:00:00"
"297","CG-22-0087","13.92931392931393",NA,"Y","Devereux","Grab","2021-12-29","10:00:00"
"298","CG-22-0088","15.730337078651688",NA,"Y","Devereux","Grab","2021-12-29","11:00:00"
"302","CG-22-0130","91.6128441207275",NA,"Y","Devereux","Grab","2022-03-28","07:30:00"
"303","CG-22-0130","91.6128441207275",NA,"Y","Devereux","Grab","2022-03-28","07:30:00"
"304","CG-22-0131","90.72763563779723",NA,"Y","Devereux","Grab","2022-03-28","11:45:00"
"305","CG-22-0131","90.72763563779723",NA,"Y","Devereux","Grab","2022-03-28","11:45:00"
"306","CG-22-0132","135.69748507328177",NA,"Y","Devereux","Grab","2022-03-28","13:25:00"
"307","CG-22-0132","135.69748507328177",NA,"Y","Devereux","Grab","2022-03-28","13:25:00"
"308","CG-22-0133","178.07060499484504",NA,"Y","Devereux","Grab","2022-03-28","05:30:00"
"309","CG-22-0133","178.07060499484504",NA,"Y","Devereux","Grab","2022-03-28","05:30:00"
"310","CI-21-0018","1960.6171681868893",NA,"Y","Phelps","ISCO","2020-12-27","21:00:00"
"311","CI-21-0019","1924.7124121570516",NA,"Y","Phelps","ISCO","2020-12-27","22:00:00"
"312","CI-21-0020","1423.614200551683",NA,"Y","Phelps","ISCO","2020-12-27","23:00:00"
"313","CI-21-0020","1423.614200551683",NA,"Y","Phelps","ISCO","2020-12-27","23:00:00"
"314","CI-21-0021","865.1306802659035",NA,"Y","Phelps","ISCO","2020-12-28","00:00:00"
"315","CI-21-0021","865.1306802659035",NA,"Y","Phelps","ISCO","2020-12-28","00:00:00"
"316","CI-21-0022","706.5577390152828",NA,"Y","Phelps","ISCO","2020-12-28","01:00:00"
"317","CI-21-0022","706.5577390152828",NA,"Y","Phelps","ISCO","2020-12-28","01:00:00"
"318","CI-21-0023","674.2179072276415",NA,"Y","Phelps","ISCO","2020-12-28","02:00:00"
"319","CI-21-0023","674.2179072276415",NA,"Y","Phelps","ISCO","2020-12-28","02:00:00"
"320","CI-21-0024","534.9977708426418",NA,"Y","Phelps","ISCO","2020-12-28","03:00:00"
"321","CI-21-0024","534.9977708426418",NA,"Y","Phelps","ISCO","2020-12-28","03:00:00"
"322","CI-21-0025","449.76162633801533",NA,"Y","Phelps","ISCO","2020-12-28","04:00:00"
"323","CI-21-0025","449.76162633801533",NA,"Y","Phelps","ISCO","2020-12-28","04:00:00"
"324","CI-21-0026","445.87123238806106",NA,"Y","Phelps","ISCO","2020-12-28","05:00:00"
"325","CI-21-0026","445.87123238806106",NA,"Y","Phelps","ISCO","2020-12-28","05:00:00"
"326","CI-21-0027","549.5511998534738",NA,"Y","Phelps","ISCO","2020-12-28","06:00:00"
"327","CI-21-0027","549.5511998534738",NA,"Y","Phelps","ISCO","2020-12-28","06:00:00"
"328","CI-21-0028","582.9335007398569",NA,"Y","Phelps","ISCO","2020-12-28","07:00:00"
"329","CI-21-0028","582.9335007398569",NA,"Y","Phelps","ISCO","2020-12-28","07:00:00"
"330","CI-21-0029","570.1254275940507",NA,"Y","Phelps","ISCO","2020-12-28","08:00:00"
"331","CI-21-0029","570.1254275940507",NA,"Y","Phelps","ISCO","2020-12-28","08:00:00"
"332","CI-21-0030","621.0904573887608",NA,"Y","Phelps","ISCO","2020-12-28","09:00:00"
"333","CI-21-0030","621.0904573887608",NA,"Y","Phelps","ISCO","2020-12-28","09:00:00"
"334","CI-21-0031","662.8955276648651",NA,"Y","Phelps","ISCO","2020-12-28","10:00:00"
"335","CI-21-0031","662.8955276648651",NA,"Y","Phelps","ISCO","2020-12-28","10:00:00"
"336","CI-21-0032","398.9538543375301",NA,"Y","Phelps","ISCO","2020-12-28","11:00:00"
"337","CI-21-0032","398.9538543375301",NA,"Y","Phelps","ISCO","2020-12-28","11:00:00"
"338","CI-21-0033","223.56360384528128",NA,"Y","Phelps","ISCO","2020-12-28","12:00:00"
"339","CI-21-0033","223.56360384528128",NA,"Y","Phelps","ISCO","2020-12-28","12:00:00"
"340","CI-21-0034","266.3234053886203",NA,"Y","Phelps","ISCO","2020-12-28","13:00:00"
"341","CI-21-0034","266.3234053886203",NA,"Y","Phelps","ISCO","2020-12-28","13:00:00"
"342","CI-21-0035","311.95686082264444",NA,"Y","Phelps","ISCO","2020-12-28","14:00:00"
"343","CI-21-0035","311.95686082264444",NA,"Y","Phelps","ISCO","2020-12-28","14:00:00"
"344","CI-21-0036","487.43740860548337",NA,"Y","Phelps","ISCO","2020-12-28","15:00:00"
"345","CI-21-0036","487.43740860548337",NA,"Y","Phelps","ISCO","2020-12-28","15:00:00"
"346","CI-21-0037","382.6469603482005",NA,"Y","Phelps","ISCO","2020-12-28","16:00:00"
"347","CI-21-0037","382.6469603482005",NA,"Y","Phelps","ISCO","2020-12-28","16:00:00"
"348","CI-21-0038","307.9765937788428",NA,"Y","Phelps","ISCO","2020-12-28","17:00:00"
"349","CI-21-0038","307.9765937788428",NA,"Y","Phelps","ISCO","2020-12-28","17:00:00"
"350","CI-21-0039","399.68025579537886",NA,"Y","Phelps","ISCO","2020-12-28","18:00:00"
"351","CI-21-0039","399.68025579537886",NA,"Y","Phelps","ISCO","2020-12-28","18:00:00"
"352","CI-21-0040","397.561622051433",NA,"Y","Phelps","ISCO","2020-12-28","19:00:00"
"353","CI-21-0040","397.561622051433",NA,"Y","Phelps","ISCO","2020-12-28","19:00:00"
"354","CI-21-0041","570.450656018297",NA,"Y","Phelps","ISCO","2020-12-28","20:00:00"
"355","CI-21-0041","570.450656018297",NA,"Y","Phelps","ISCO","2020-12-28","20:00:00"
"356","CI-21-0045","9.850939727803276",NA,"Y","Phelps","ISCO","2021-01-27","05:00:00"
"357","CI-21-0046","483.66530360989947",NA,"Y","Phelps","ISCO","2021-01-27","06:30:00"
"358","CI-21-0047","219.66435286880397",NA,"Y","Phelps","ISCO","2021-01-27","08:00:00"
"359","CI-21-0047","219.66435286880397",NA,"Y","Phelps","ISCO","2021-01-27","08:00:00"
"360","CI-21-0048","276.25581288273986",NA,"Y","Phelps","ISCO","2021-01-27","11:00:00"
"361","CI-21-0048","276.25581288273986",NA,"Y","Phelps","ISCO","2021-01-27","11:00:00"
"362","CI-21-0049","259.44824007611464",NA,"Y","Phelps","ISCO","2021-01-27","12:30:00"
"363","CI-21-0050","302.4934099650291",NA,"Y","Phelps","ISCO","2021-01-27","15:30:00"
"364","CI-21-0051","7.893061744111951",NA,"Y","Phelps","ISCO","2021-01-28","12:30:00"
"365","CI-21-0052","716.6532294185998",NA,"Y","Phelps","ISCO","2021-01-28","14:00:00"
"366","CI-21-0052","716.6532294185998",NA,"Y","Phelps","ISCO","2021-01-28","14:00:00"
"367","CI-21-0053","578.85831329591",NA,"Y","Phelps","ISCO","2021-01-28","15:30:00"
"368","CI-21-0053","578.85831329591",NA,"Y","Phelps","ISCO","2021-01-28","15:30:00"
"369","CI-21-0054","445.91099616514015",NA,"Y","Phelps","ISCO","2021-01-28","17:00:00"
"370","CI-21-0054","445.91099616514015",NA,"Y","Phelps","ISCO","2021-01-28","17:00:00"
"371","CI-21-0055","376.54146662900445",NA,"Y","Phelps","ISCO","2021-01-28","20:00:00"
"372","CI-21-0056","608.6691882961636",NA,"Y","Phelps","ISCO","2021-01-29","09:30:00"
"373","CI-21-0057","359.34060998074165",NA,"Y","Whittier","ISCO","2021-01-27","05:00:00"
"374","CI-21-0058","175.56179775283638",NA,"Y","Whittier","ISCO","2021-01-27","06:30:00"
"375","CI-21-0059","43.574883437209095",NA,"Y","Whittier","ISCO","2021-01-27","08:00:00"
"376","CI-21-0060","133.39261894175695",NA,"Y","Whittier","ISCO","2021-01-27","11:00:00"
"377","CI-21-0061","43.20027648179158",NA,"Y","Whittier","ISCO","2021-01-27","12:30:00"
"378","CI-21-0062","177.5095411378639",NA,"Y","Whittier","ISCO","2021-01-27","15:30:00"
"379","CI-21-0063","6.891798759476242",NA,"Y","Whittier","ISCO","2021-01-28","12:30:00"
"380","CI-21-0064","179.0350013427905",NA,"Y","Whittier","ISCO","2021-01-28","14:00:00"
"381","CI-21-0065","131.5039670363439",NA,"Y","Whittier","ISCO","2021-01-28","15:30:00"
"382","CI-21-0066","225.80499480647225",NA,"Y","Whittier","ISCO","2021-01-28","17:00:00"
"383","CI-21-0067","172.05781142466554",NA,"Y","Whittier","ISCO","2021-01-28","18:30:00"
"384","CI-21-0068","87.62705923593687",NA,"Y","Whittier","ISCO","2021-01-29","09:30:00"
"385","CI-21-0069","35.48163548163547",NA,"Y","Venoco","ISCO","2021-01-27","05:00:00"
"386","CI-21-0070","7876.094513134124",NA,"Y","Venoco","ISCO","2021-01-27","09:30:00"
"387","CI-21-0071","593.146872290895",NA,"Y","Venoco","ISCO","2021-01-27","12:30:00"
"388","CI-21-0072","10229.735587342866",NA,"Y","Venoco","ISCO","2021-01-27","15:30:00"
"389","CI-21-0073","40.37184594953518",NA,"Y","Venoco","ISCO","2021-01-28","08:00:00"
"390","CI-21-0074","25.498007968127865",NA,"Y","Venoco","ISCO","2021-01-28","14:00:00"
"391","CI-21-0075","707.3699102524903",NA,"Y","Venoco","ISCO","2021-01-28","15:30:00"
"392","CI-21-0075","707.3699102524903",NA,"Y","Venoco","ISCO","2021-01-28","15:30:00"
"393","CI-21-0076","588.0756355740317",NA,"Y","Venoco","ISCO","2021-01-28","17:00:00"
"394","CI-21-0076","588.0756355740317",NA,"Y","Venoco","ISCO","2021-01-28","17:00:00"
"395","CI-21-0077","668.1216872299929",NA,"Y","Venoco","ISCO","2021-01-28","18:30:00"
"396","CI-21-0100","671.44136078785",NA,"Y","Venoco","ISCO","2021-01-28","20:00:00"
"397","CI-21-0101","444.1483455473875",NA,"Y","Venoco","ISCO","2021-01-29","06:30:00"
"398","CI-21-0102","574.7380520800896",NA,"Y","Venoco","ISCO","2021-01-29","09:30:00"
"399","CI-21-0107","3.1578947368420986",NA,"Y","Phelps","ISCO","2021-03-09","22:30:00"
"400","CI-21-0108","1958.427916499745",NA,"Y","Phelps","ISCO","2021-03-10","00:00:00"
"401","CI-21-0109","1166.2853810613426",NA,"Y","Phelps","ISCO","2021-03-10","01:30:00"
"402","CI-21-0110","541.1987552428834",NA,"Y","Phelps","ISCO","2021-03-10","03:00:00"
"403","CI-21-0111","27.12328767123283",NA,"Y","Phelps","ISCO","2021-03-10","09:00:00"
"404","CI-21-0112","581.2133947332921",NA,"Y","Whittier","ISCO","2021-03-09","22:30:00"
"405","CI-21-0113","744.2756446740584",NA,"Y","Whittier","ISCO","2021-03-10","00:00:00"
"406","CI-21-0114","305.85048280686584",NA,"Y","Phelps","ISCO","2021-03-10","04:30:00"
"407","CI-21-0115","20.161290322581053",NA,"Y","Phelps","ISCO","2021-03-10","07:30:00"
"408","CI-21-0116","13.920454545454527",NA,"Y","Whittier","ISCO","2021-03-10","01:30:00"
"409","CI-21-0117","12.702893436838416",NA,"Y","Whittier","ISCO","2021-03-10","03:00:00"
"410","CI-21-0118","4.881550610194179",NA,"Y","Whittier","ISCO","2021-03-10","04:30:00"
"411","CI-21-0119","1.9774011299435341",NA,"Y","Whittier","ISCO","2021-03-10","07:30:00"
"412","CI-21-0120","11.614730878187002",NA,"Y","Whittier","ISCO","2021-03-10","09:00:00"
"413","CI-21-0124","75.90618336886992",NA,"Y","Venoco","ISCO","2021-03-10","01:30:00"
"414","CI-21-0125","30.17356475300403",NA,"Y","Venoco","ISCO","2021-03-10","04:30:00"
"415","CI-21-0126","58.570437196391346",NA,"Y","Venoco","ISCO","2021-03-10","07:30:00"
"416","CI-21-0127","32.6027397260277",NA,"Y","Venoco","ISCO","2021-03-10","10:30:00"
"417","CI-21-0128","10.189418680601182",NA,"Y","Phelps","ISCO","2021-03-10","18:00:00"
"418","CI-21-0129","261.3240418118566",NA,"Y","Phelps","ISCO","2021-03-10","21:00:00"
"419","CI-21-0130","130.06156247290875",NA,"Y","Phelps","ISCO","2021-03-11","00:00:00"
"420","CI-21-0131","5.329780146568935",NA,"Y","Phelps","ISCO","2021-03-11","06:00:00"
"421","CI-21-0132","66.29213483146071",NA,"Y","Whittier","ISCO","2021-03-10","18:00:00"
"422","CI-21-0133","39.609483960948616",NA,"Y","Whittier","ISCO","2021-03-10","19:30:00"
"423","CI-21-0134","90.36280666875716",NA,"Y","Whittier","ISCO","2021-03-10","21:00:00"
"424","CI-21-0135","5.45977011494254",NA,"Y","Whittier","ISCO","2021-03-11","00:00:00"
"425","CI-21-0136","4.046242774566283",NA,"Y","Whittier","ISCO","2021-03-11","06:00:00"
"426","CI-21-0138","67.31198808637374",NA,"Y","Venoco","ISCO","2021-03-10","22:30:00"
"427","CI-21-0139","25.82456140350867",NA,"Y","Venoco","ISCO","2021-03-11","01:30:00"
"428","CI-21-0140","18.53932584269671",NA,"Y","Venoco","ISCO","2021-03-11","07:30:00"
"NA",NA,NA,NA,NA,NA,NA,NA,NA
"430","CI-22-0003","31.15942028985501",NA,"Y","Phelps","ISCO","2021-10-24","13:40:00"
"431","CI-22-0004","4.945054945054522",NA,"Y","Phelps","ISCO","2021-10-25","03:00:00"
"432","CI-22-0005","5.9016393442625175",NA,"Y","Phelps","ISCO","2021-10-25","05:00:00"
"433","CI-22-0006","11.02040816326535",NA,"Y","Phelps","ISCO","2021-10-25","06:00:00"
"434","CI-22-0007","12.478336221836638",NA,"Y","Phelps","ISCO","2021-10-25","07:00:00"
"435","CI-22-0008","17.777777777777793",NA,"Y","Phelps","ISCO","2021-10-25","08:00:00"
"436","CI-22-0009","134.02061855670044",NA,"Y","Phelps","ISCO","2021-10-25","09:00:00"
"437","CI-22-0011","567.0912580701249",NA,"Y","Phelps","ISCO","2021-10-25","11:00:00"
"438","CI-22-0012","470.87025384187075",NA,"Y","Phelps","ISCO","2021-10-25","12:00:00"
"439","CI-22-0013","397.05298451494866",NA,"Y","Phelps","ISCO","2021-10-25","13:00:00"
"440","CI-22-0014","36.038961038960814",NA,"Y","Phelps","ISCO","2021-10-25","14:00:00"
"441","CI-22-0015","8.125819134993431",NA,"Y","Phelps","ISCO","2021-10-25","22:00:00"
"442","CI-22-0016","11.202185792349752",NA,"Y","Phelps","ISCO","2021-10-25","23:00:00"
"443","CI-22-0017","3797.062994647571",NA,"Y","Venoco","ISCO","2021-10-25","10:00:00"
"444","CI-22-0018","2904.832165252654",NA,"Y","Venoco","ISCO","2021-10-25","11:00:00"
"445","CI-22-0019","1505.376344085997",NA,"Y","Venoco","ISCO","2021-10-25","12:00:00"
"446","CI-22-0020","1191.286589516683",NA,"Y","Venoco","ISCO","2021-10-25","13:00:00"
"447","CI-22-0021","1091.75073147299",NA,"Y","Venoco","ISCO","2021-10-25","14:00:00"
"448","CI-22-0022","1224.097228294138",NA,"Y","Venoco","ISCO","2021-10-25","18:00:00"
"449","CI-22-0023","1360.3591348116418",NA,"Y","Venoco","ISCO","2021-10-25","22:00:00"
"450","CI-22-0024","1209.9213551119226",NA,"Y","Venoco","ISCO","2021-10-25","23:00:00"
"451","CI-22-0025","209.0909090908901",NA,"Y","Whittier","ISCO","2021-10-25","09:00:00"
"452","CI-22-0026","83.01886792452864",NA,"Y","Whittier","ISCO","2021-10-25","10:00:00"
"453","CI-22-0027","20.833333333331954",NA,"Y","Whittier","ISCO","2021-10-25","11:00:00"
"454","CI-22-0028","18.840579710143487",NA,"Y","Whittier","ISCO","2021-10-25","12:00:00"
"455","CI-22-0029","29.850746268655417",NA,"Y","Whittier","ISCO","2021-10-25","13:00:00"
"456","CI-22-0030","27.01421800947867",NA,"Y","Whittier","ISCO","2021-10-25","14:00:00"
"457","CI-22-0032","350.93876118616555",NA,"Y","Whittier","ISCO","2021-10-25","23:00:00"
"458","CI-22-0038","1590.527524962443",NA,"Y","Phelps","ISCO","2021-12-13","09:15:00"
"459","CI-22-0039","36.38743455497341",NA,"Y","Venoco","ISCO","2021-12-13","12:00:00"
"460","CI-22-0043","2699.8780700226635",NA,"Y","Venoco","ISCO","2021-12-13","23:15:00"
"461","CI-22-0044","2586.911137333246",NA,"Y","Venoco","ISCO","2021-12-14","00:30:00"
"462","CI-22-0045","2520.478890989298",NA,"Y","Venoco","ISCO","2021-12-14","01:45:00"
"463","CI-22-0046","1805.2869116698976",NA,"Y","Venoco","ISCO","2021-12-14","03:00:00"
"464","CI-22-0047","1215.2250336356976",NA,"Y","Venoco","ISCO","2021-12-14","04:15:00"
"465","CI-22-0048","1220.228679893325",NA,"Y","Venoco","ISCO","2021-12-14","06:45:00"
"466","CI-22-0049","1659.1928251120642",NA,"Y","Venoco","ISCO","2021-12-14","09:15:00"
"467","CI-22-0050","434.23509488040526",NA,"Y","Venoco","ISCO","2021-12-14","10:30:00"
"468","CI-22-0051","564.554653233203",NA,"Y","Venoco","ISCO","2021-12-14","13:00:00"
"469","CI-22-0052","547.8759271746269",NA,"Y","Venoco","ISCO","2021-12-14","15:30:00"
"470","CI-22-0053","1729.4133297858214",NA,"Y","Phelps","ISCO","2021-12-13","12:00:00"
"471","CI-22-0054","1731.7170640735342",NA,"Y","Phelps","ISCO","2021-12-13","13:15:00"
"472","CI-22-0055","1721.398305084748",NA,"Y","Phelps","ISCO","2021-12-13","15:45:00"
"473","CI-22-0056","1766.175583699477",NA,"Y","Phelps","ISCO","2021-12-13","17:00:00"
"474","CI-22-0057","2014.9554470962382",NA,"Y","Phelps","ISCO","2021-12-13","19:30:00"
"475","CI-22-0058","393.1847968544744",NA,"Y","Phelps","ISCO","2021-12-13","20:45:00"
"476","CI-22-0059","2332.466134385915",NA,"Y","Phelps","ISCO","2021-12-13","23:15:00"
"477","CI-22-0060","2191.1192594911013",NA,"Y","Phelps","ISCO","2021-12-14","03:00:00"
"478","CI-22-0061","583.5521653953589",NA,"Y","Phelps","ISCO","2021-12-14","05:30:00"
"479","CI-22-0062","648.6766995329774",NA,"Y","Phelps","ISCO","2021-12-14","06:45:00"
"480","CI-22-0063","19.786096256684807",NA,"Y","Phelps","ISCO","2021-12-14","09:15:00"
"481","CI-22-0064","481.65338470969186",NA,"Y","Phelps","ISCO","2021-12-14","11:45:00"
"482","CI-22-0065","705.3063933950201",NA,"Y","Phelps","ISCO","2021-12-14","15:30:00"
"483","CI-22-0070","92.0301859009572",NA,"Y","Whittier","ISCO","2021-12-13","19:30:00"
"484","CI-22-0072","223.28406198364289",NA,"Y","Whittier","ISCO","2021-12-13","22:00:00"
"485","CI-22-0074","88.73114463174808",NA,"Y","Whittier","ISCO","2021-12-14","01:45:00"
"486","CI-22-0075","86.57633868668124",NA,"Y","Whittier","ISCO","2021-12-14","03:00:00"
"487","CI-22-0076","133.45195729537872",NA,"Y","Whittier","ISCO","2021-12-14","05:30:00"
"488","CI-22-0077","42.31729507852024",NA,"Y","Whittier","ISCO","2021-12-14","06:45:00"
"489","CI-22-0078","215.38726630480383",NA,"Y","Whittier","ISCO","2021-12-14","09:15:00"
"490","CI-22-0079","215.21112211077843",NA,"Y","Whittier","ISCO","2021-12-14","11:45:00"
"491","CI-22-0080","435.63493792205855",NA,"Y","Whittier","ISCO","2021-12-14","15:30:00"
"492","CI-22-0089","8.333333333333341",NA,"Y","Whittier","ISCO","2021-12-29","00:00:00"
"493","CI-22-0090","8.035714285714276",NA,"Y","Whittier","ISCO","2021-12-29","02:00:00"
"494","CI-22-0090","997.7324263039142",NA,"Y","Whittier","ISCO","2021-12-29","02:00:00"
"495","CI-22-0091","8.84955752212391",NA,"Y","Whittier","ISCO","2021-12-29","04:00:00"
"496","CI-22-0092","9.604519774011308",NA,"Y","Whittier","ISCO","2021-12-29","05:00:00"
"497","CI-22-0093","6.3127690100431115",NA,"Y","Whittier","ISCO","2021-12-29","07:00:00"
"498","CI-22-0094","5.507246376811598",NA,"Y","Whittier","ISCO","2021-12-29","09:00:00"
"499","CI-22-0095","5.089820359281424",NA,"Y","Whittier","ISCO","2021-12-29","10:00:00"
"500","CI-22-0096","5.586592178770962",NA,"Y","Whittier","ISCO","2021-12-29","11:30:00"
"501","CI-22-0099","43.523316062176164",NA,"Y","Venoco","ISCO","2021-12-29","06:30:00"
"502","CI-22-0100","4161.795651157356",NA,"Y","Venoco","ISCO","2021-12-29","08:00:00"
"503","CI-22-0101","5052.099778970654",NA,"Y","Venoco","ISCO","2021-12-29","09:30:00"
"504","CI-22-0102","4508.885156042772",NA,"Y","Venoco","ISCO","2021-12-29","10:30:00"
"505","CI-22-0111","674.5646949702626",NA,"Y","Whittier","ISCO","2022-03-28","06:00:00"
"506","CI-22-0112","130.00520020801326",NA,"Y","Whittier","ISCO","2022-03-28","07:00:00"
"507","CI-22-0113","228.27923115553654",NA,"Y","Whittier","ISCO","2022-03-28","08:00:00"
"508","CI-22-0114","88.56611460453468",NA,"Y","Whittier","ISCO","2022-03-28","09:00:00"
"509","CI-22-0115","128.9601513132491",NA,"Y","Whittier","ISCO","2022-03-28","10:00:00"
"510","CI-22-0116","136.20885357548755",NA,"Y","Whittier","ISCO","2022-03-28","13:00:00"
"511","CI-22-0117","222.5288174819145",NA,"Y","Whittier","ISCO","2022-03-28","17:00:00"
"512","CI-22-0118","308.3700440528334",NA,"Y","Whittier","ISCO","2022-03-28","21:00:00"
"513","CI-22-0119","2126.3669501822374",NA,"Y","Phelps","ISCO","2022-03-27","22:00:00"
"514","CI-22-0120","1940.1208166144795",NA,"Y","Phelps","ISCO","2022-03-27","00:00:00"
"515","CI-22-0121","1917.7962777317603",NA,"Y","Phelps","ISCO","2022-03-28","04:00:00"
"516","CI-22-0122","2052.3803149957334",NA,"Y","Phelps","ISCO","2022-03-28","05:00:00"
"517","CI-22-0123","1059.509094119765",NA,"Y","Phelps","ISCO","2022-03-28","06:00:00"
"518","CI-22-0124","1386.9625520111276",NA,"Y","Phelps","ISCO","2022-03-28","07:00:00"
"519","CI-22-0125","316.59882406147983",NA,"Y","Phelps","ISCO","2022-03-28","09:00:00"
"520","CI-22-0126","412.2955701131678",NA,"Y","Phelps","ISCO","2022-03-28","10:00:00"
"521","CI-22-0127","466.9128570822167",NA,"Y","Phelps","ISCO","2022-03-28","12:00:00"
"522","CI-22-0128","388.3662725467732",NA,"Y","Phelps","ISCO","2022-03-28","17:00:00"
"523","CI-22-0129","11.671087533156472",NA,"Y","Phelps","ISCO","2022-03-28","21:00:00"
"NA.1",NA,NA,NA,NA,NA,NA,NA,NA
"NA.2",NA,NA,NA,NA,NA,NA,NA,NA
