,Sample Number,TSS (mg/L),NOTES,Keepfor analysis,Location,Date,Time,Sample type
1,C-20-0001,NA,NA,NA,NCOS-W,11/27/2019,1899-12-31 03:00:00,Isco
2,C-20-0001a,459.8335403,NA,Y,NA,NA,NA,NA
3,C-20-0001b,1820.969906,NA,Y,NA,NA,NA,NA
4,C-20-0002,89.25383792,NA,Y,NCOS-W,11/27/2019,1899-12-31 04:00:00,Isco
5,C-20-0003,134.904218,NA,Y,NCOS-W,11/27/2019,1899-12-31 04:30:00,Isco
6,C-20-0004,49.17387884,NA,Y,NCOS-W,11/27/2019,1899-12-31 05:00:00,Isco
7,C-20-0005,17.5074184,NA,Y,NCOS-W,11/27/2019,1899-12-31 06:30:00,Isco
8,C-20-0006,16.26506024,NA,Y,NCOS-W,11/27/2019,1899-12-31 08:00:00,Isco
9,C-20-0007,14.37699681,NA,Y,NCOS-W,11/27/2019,1899-12-31 10:30:00,Isco
10,C-20-0008,97.05439899,NA,Y,NCOS-W,12/4/2019,1899-12-31 14:00:00,Isco
11,C-20-0009,190.2497027,NA,Y,NCOS-W,12/4/2019,1899-12-31 16:00:00,Isco
12,C-20-0010,8.299866131,NA,Y,NCOS-P,12/3/2019,1899-12-31 22:00:00,Isco
13,C-20-0011,10.52631579,NA,Y,NCOS-P,12/4/2019,1899-12-31 00:00:00,Isco
14,C-20-0012,29.44444444,NA,Y,NCOS-P,12/4/2019,1899-12-31 02:00:00,Isco
15,C-20-0013,26.2295082,NA,Y,NCOS-P,12/4/2019,1899-12-31 04:00:00,Isco
16,C-20-0014,18.44919786,NA,Y,NCOS-P,12/4/2019,1899-12-31 06:00:00,Isco
17,C-20-0015,13.91076115,NA,Y,NCOS-P,12/4/2019,1899-12-31 07:30:00,Isco
18,C-20-0016,36.57587549,NA,Y,NCOS-P,12/4/2019,1899-12-31 08:30:00,Isco
19,C-20-0017,91.17432531,NA,Y,NCOS-P,12/4/2019,1899-12-31 09:00:00,Isco
20,C-20-0018,91.59186664,NA,Y,NCOS-P,12/4/2019,1899-12-31 11:00:00,Isco
21,C-20-0019,15.22309711,NA,Y,NCOS-P,12/4/2019,1899-12-31 16:00:00,Isco
22,C-20-0020,160.0505689,NA,Y,NCOS-V,12/3/2019,1899-12-31 22:00:00,Isco
23,C-20-0021,NA,NA,NA,NCOS-V,12/4/2019,1899-12-31 01:00:00,Isco
24,C-20-0021a,82342.09718,NA,Y,NA,NA,NA,NA
25,C-20-0021b,40564.90385,NA,Y,NA,NA,NA,NA
26,C-20-0022,193.2394366,NA,Y,NCOS-V,12/4/2019,1899-12-31 03:00:00,Isco
27,C-20-0023,151.5394913,NA,Y,NCOS-V,12/4/2019,1899-12-31 06:00:00,Isco
28,C-20-0024,NA,NA,NA,NCOS-V,12/4/2019,1899-12-31 09:00:00,Isco
29,C-20-0025,141.3654618,NA,Y,NCOS-V,12/4/2019,1899-12-31 12:00:00,Isco
30,C-20-0026,NA,NA,NA,NCOS-V,12/4/2019,1899-12-31 16:00:00,Isco
31,C-20-0026a,32138.55287,NA,Y,NA,NA,NA,NA
32,C-20-0026b,23350.121,NA,Y,NA,NA,NA,NA
33,C-20-0027,10.28037383,NA,Y,NCOS-V,3/10/2020,1899-12-31 10:00:00,Isco
34,C-20-0028,14.76923077,NA,Y,NCOS-V,3/9/2020,1899-12-31 22:00:00,Isco
35,C-20-0029,9.446254072,NA,Y,NCOS-P,3/10/2020,1899-12-31 10:00:00,Isco
36,C-20-0030,5.414012739,NA,Y,NCOS-P,3/9/2020,1899-12-31 22:00:00,Isco
37,C-20-0031,36.84210526,NA,Y,NCOS-P,3/11/2020,1899-12-31 10:00:00,Isco
38,C-20-0032,15.6779661,NA,Y,NCOS-W,3/11/2020,1899-12-31 16:00:00,Isco
39,C-20-0033,7.24137931,NA,Y,NCOS-V,3/11/2020,1899-12-31 16:00:00,Isco
40,C-20-0034,539.4228176,NA,Y,NCOS-P,3/10/2020,1899-12-31 13:00:00,Isco
41,C-20-0035,492.8315412,NA,Y,NCOS-P,3/10/2020,1899-12-31 14:00:00,Isco
42,C-20-0036,82.44514107,NA,Y,NCOS-P,3/10/2020,1899-12-31 16:00:00,Isco
43,C-20-0037,308.8053644,NA,Y,NCOS-P,3/10/2020,1899-12-31 17:00:00,Isco
44,C-20-0038,NA,NA,NA,NCOS-P,3/10/2020,1899-12-31 22:00:00,Isco
45,C-20-0038a,617.2295212,NA,Y,NA,NA,NA,NA
46,C-20-0038b,646.7468633,NA,Y,NA,NA,NA,NA
47,C-20-0039,36.51315789,NA,Y,NCOS-P,3/11/2020,1899-12-31 02:00:00,Isco
48,C-20-0040,314.0844438,NA,Y,NCOS-P,3/11/2020,1899-12-31 03:00:00,Isco
49,C-20-0041,307.7058332,NA,Y,NCOS-P,3/11/2020,1899-12-31 05:00:00,Isco
50,C-20-0042,360.9782511,NA,Y,NCOS-P,3/11/2020,1899-12-31 09:00:00,Isco
51,C-20-0043,14.03508772,NA,Y,NCOS-V,3/10/2020,1899-12-31 13:00:00,Isco
52,C-20-0044,16.42651297,NA,Y,NCOS-V,3/10/2020,1899-12-31 15:00:00,Isco
53,C-20-0045,13.05637982,NA,Y,NCOS-V,3/10/2020,1899-12-31 20:00:00,Isco
54,C-20-0046,11.34545455,NA,Y,NCOS-V,3/11/2020,1899-12-31 02:00:00,Isco
55,C-20-0047,19.88636364,NA,Y,NCOS-V,3/11/2020,1899-12-31 04:00:00,Isco
56,C-20-0048,14.05152225,NA,Y,NCOS-V,3/11/2020,1899-12-31 10:00:00,Isco
57,C-20-0049,235.9826317,NA,Y,NCOS-W,3/10/2020,1899-12-31 13:00:00,Isco
58,C-20-0050,38.28061638,NA,Y,NCOS-W,3/10/2020,1899-12-31 14:00:00,Isco
59,C-20-0051,27.89115646,NA,Y,NCOS-W,3/10/2020,1899-12-31 15:00:00,Isco
60,C-20-0052,23.71134021,NA,Y,NCOS-W,3/10/2020,1899-12-31 18:00:00,Isco
61,C-20-0053,30.3030303,NA,Y,NCOS-W,3/10/2020,1899-12-31 22:00:00,Isco
62,C-20-0054,30.47945205,NA,Y,NCOS-W,3/11/2020,1899-12-31 02:00:00,Isco
63,C-20-0055,NA,NA,NA,NCOS-W,3/11/2020,1899-12-31 04:00:00,Isco
64,C-20-0055a,47.81714723,NA,Y,NA,NA,NA,NA
65,C-20-0055b,0,NA,Y,NA,NA,NA,NA
66,C-20-0056,17.5862069,NA,Y,NCOS-W,3/11/2020,1899-12-31 10:00:00,Isco
67,C-20-0057,224.436664,NA,Y,NCOS-W,3/15/2020,1899-12-31 22:00:00,Isco
68,C-20-0058,86.83947723,NA,Y,NCOS-W,3/16/2020,1899-12-31 02:00:00,Isco
69,C-20-0059,19.69140338,NA,Y,NCOS-W,3/16/2020,1899-12-31 03:00:00,Isco
70,C-20-0060,17.11840228,NA,Y,NCOS-W,3/16/2020,1899-12-31 04:00:00,Isco
71,C-20-0061,18.23444284,NA,Y,NCOS-W,3/16/2020,1899-12-31 05:00:00,Isco
72,C-20-0062,0,NA,Y,NCOS-W,3/16/2020,1899-12-31 06:00:00,Isco
73,C-20-0063,88.68393047,NA,Y,NCOS-W,3/16/2020,1899-12-31 07:00:00,Isco
74,C-20-0064,42.65129683,NA,Y,NCOS-W,3/16/2020,1899-12-31 08:00:00,Isco
75,C-20-0065,44.21452889,NA,Y,NCOS-W,3/16/2020,1899-12-31 09:00:00,Isco
76,C-20-0066,128.6946077,NA,Y,NCOS-W,3/16/2020,1899-12-31 11:00:00,Isco
77,C-20-0067,96.21397989,NA,Y,NCOS-W,3/16/2020,1899-12-31 12:00:00,Isco
78,C-20-0068,86.84324794,NA,Y,NCOS-W,3/16/2020,1899-12-31 13:00:00,Isco
79,C-20-0069,127.8281989,NA,Y,NCOS-W,3/16/2020,1899-12-31 15:00:00,Isco
80,C-20-0070,130.1800824,NA,Y,NCOS-W,3/16/2020,1899-12-31 16:00:00,Isco
81,C-20-0071,221.5526409,NA,Y,NCOS-W,3/16/2020,1899-12-31 17:00:00,Isco
82,C-20-0072,265.0059626,NA,Y,NCOS-W,3/16/2020,1899-12-31 18:00:00,Isco
83,C-20-0073,44.01408451,NA,Y,NCOS-W,3/16/2020,1899-12-31 21:00:00,Isco
84,C-20-0074,46.23849817,NA,Y,NCOS-P,3/15/2020,1899-12-31 22:00:00,Isco
85,C-20-0075,24.59459459,NA,Y,NCOS-P,3/16/2020,1899-12-31 02:00:00,Isco
86,C-20-0076,790.1321277,NA,Y,NCOS-P,3/16/2020,1899-12-31 03:00:00,Isco
87,C-20-0077,NA,NA,NA,NCOS-P,3/16/2020,1899-12-31 04:00:00,Isco
88,C-20-0078,313.4796238,NA,Y,NCOS-P,3/16/2020,1899-12-31 06:00:00,Isco
89,C-20-0079,NA,NA,NA,NCOS-P,3/16/2020,1899-12-31 07:00:00,Isco
90,C-20-0080,NA,NA,NA,NCOS-P,3/16/2020,1899-12-31 08:00:00,Isco
91,C-20-0080a,96.78199855,NA,Y,NA,NA,NA,NA
92,C-20-0080b,140.4987706,NA,Y,NA,NA,NA,NA
93,C-20-0081,49.0725292,NA,Y,NCOS-P,3/16/2020,1899-12-31 10:00:00,Isco
94,C-20-0082,189.7353192,NA,Y,NCOS-P,3/16/2020,1899-12-31 12:00:00,Isco
95,C-20-0083,0,NA,Y,NCOS-P,3/16/2020,1899-12-31 13:00:00,Isco
96,C-20-0084,NA,NA,NA,NCOS-P,3/16/2020,1899-12-31 15:00:00,Isco
97,C-20-0085,262.4671916,NA,Y,NCOS-P,3/16/2020,1899-12-31 16:00:00,Isco
98,C-20-0086,410.9401397,NA,Y,NCOS-P,3/16/2020,1899-12-31 17:00:00,Isco
99,C-20-0087,145.8576429,NA,Y,NCOS-P,3/16/2020,1899-12-31 18:00:00,Isco
100,C-20-0088,37.65038924,NA,Y,NCOS-P,3/16/2020,1899-12-31 20:00:00,Isco
101,C-20-0089,35.68879372,NA,Y,NCOS-P,3/16/2020,1899-12-31 21:00:00,Isco
102,C-20-0090,7.090464548,NA,Y,NCOS-V,3/15/2020,1899-12-31 22:00:00,Isco
103,C-20-0091,9.725685786,NA,Y,NCOS-V,3/16/2020,1899-12-31 05:00:00,Isco
104,C-20-0092,11.44278607,NA,Y,NCOS-V,3/16/2020,1899-12-31 09:00:00,Isco
105,C-20-0093,15.59405941,NA,Y,NCOS-V,3/16/2020,1899-12-31 12:00:00,Isco
106,C-20-0094,1475.839086,NA,Y,NCOS-V,3/16/2020,1899-12-31 14:00:00,Isco
107,C-20-0095,1378.699099,NA,Y,NCOS-V,3/16/2020,1899-12-31 16:00:00,Isco
108,C-20-0096,133.6898396,NA,Y,NCOS-V,3/16/2020,1899-12-31 17:00:00,Isco
109,C-20-0097,781.5892314,NA,Y,NCOS-V,3/16/2020,1899-12-31 18:00:00,Isco
110,C-20-0098,NA,NA,NA,NCOS-V,3/16/2020,1899-12-31 19:00:00,Isco
111,C-20-0099,NA,NA,NA,NCOS-V,3/16/2020,1899-12-31 20:00:00,Isco
112,C-20-0099a,1091.057872,NA,Y,NA,NA,NA,NA
113,C-20-0099b,785.9258811,NA,Y,NA,NA,NA,NA
114,C-20-0100,43.67765888,NA,Y,NCOS-V,3/16/2020,1899-12-31 21:00:00,Isco
115,C-20-0101,13.30049261,NA,Y,NCOS-P,3/10/2020,1899-12-31 12:00:00,Isco
116,C-20-0102,12.03703704,NA,Y,NCOS-V,3/10/2020,1899-12-31 23:00:00,Isco
117,C-20-0103,10.95571096,NA,Y,NCOS-V,3/11/2020,1899-12-31 03:00:00,Isco
118,C-20-0104,12.90322581,NA,Y,NCOS-V,3/11/2020,1899-12-31 06:00:00,Isco
119,C-20-0105,7.529411765,NA,Y,NCOS-V,3/16/2020,1899-12-31 02:00:00,Isco
120,C-20-0106,8.837209302,NA,Y,NCOS-V,3/16/2020,1899-12-31 04:00:00,Isco
121,C-20-0107,8.986175115,NA,Y,NCOS-V,3/16/2020,1899-12-31 08:00:00,Isco
122,C-20-0108,14.05529954,NA,Y,NCOS-V,3/10/2020,1899-12-31 12:00:00,Isco
123,C-20-0109,13.05361305,NA,Y,NCOS-V,3/10/2020,1899-12-31 18:00:00,Isco
124,C-20-0110,12.44131455,NA,Y,NCOS-V,3/10/2020,1899-12-31 06:00:00,Isco
125,C-20-0111,9.263657957,NA,Y,NCOS-V,3/10/2020,1899-12-31 08:00:00,Isco
126,C-20-0112,13.76146789,NA,Y,NCOS-V,3/16/2020,1899-12-31 13:00:00,Isco
127,C-20-0113,NA,NA,NA,NCOS-V,12/4/2020,1899-12-31 00:00:00,Isco
128,C-20-0114,NA,NA,NA,NCOS-V,12/3/2020,1899-12-31 23:00:00,Isco
129,C-20-0115,39.54081633,NA,Y,NCOS-P,3/16/2020,1899-12-31 19:00:00,Isco
130,C-20-0116,182.6484018,NA,Y,NA,NA,NA,NA
131,C-20-0119,0,NA,Y,NA,NA,NA,NA
132,C-20-0121,45.61627589,NA,Y,NA,NA,NA,NA
133,C-20-0122,92.57544899,NA,Y,NA,NA,NA,NA
134,C-20-0123,637.7260511,NA,Y,NA,NA,NA,NA
135,C-20-0124,227.8630998,NA,Y,NA,NA,NA,NA
136,C-20-0125,141.0039481,NA,Y,NA,NA,NA,NA
137,C-20-0126,316.2126756,NA,Y,NA,NA,NA,NA
138,C-20-0127,235.8490566,NA,Y,NA,NA,NA,NA
139,C-20-0128,895.6560681,NA,Y,NA,NA,NA,NA
140,C-20-0129,542.2993492,NA,Y,NA,NA,NA,NA
141,C-20-0130,3241.269117,NA,Y,NA,NA,NA,NA
142,C-20-0131,186.8634962,NA,Y,NA,NA,NA,NA
143,C-20-0132,1206.563707,NA,Y,NA,NA,NA,NA
144,C-20-0133,225.5503428,NA,Y,NA,NA,NA,NA
145,CG-20-0001,NA,NA,NA,NCOS-V,11/26/2019,1899-12-31 17:50:00,Grab
146,CG-20-0001a,67006.70478,NA,Y,NA,NA,NA,NA
147,CG-20-0001b,87030.90508,NA,Y,NA,NA,NA,NA
148,CG-20-0002,61205.66781,NA,Y,NCOS-V,11/27/2019,1899-12-31 04:05:00,Grab
149,CG-20-0003,NA,NA,NA,NCOS-V,11/27/2019,1899-12-31 05:20:00,Grab
150,CG-20-0004,1546.305583,NA,Y,NCOS-V,11/27/2019,1899-12-31 06:20:00,Grab
151,CG-20-0005,799.1251682,NA,Y,NCOS-V,11/27/2019,1899-12-31 10:15:00,Grab
152,CG-20-0006,10.70063694,NA,Y,NCOS-P,11/27/2019,1899-12-31 18:45:00,Grab
153,CG-20-0007,1054.540853,NA,Y,NCOS-P,11/27/2019,1899-12-31 03:50:00,Grab
154,CG-20-0008,376.3013756,NA,Y,NCOS-P,11/27/2019,1899-12-31 05:00:00,Grab
155,CG-20-0009,NA,NA,NA,NCOS-P,11/27/2019,1899-12-31 06:45:00,Grab
156,CG-20-0009a,4987.74199,NA,Y,NA,NA,NA,NA
157,CG-20-0009b,651.0802012,NA,Y,NA,NA,NA,NA
158,CG-20-0010,720.6557968,NA,Y,NCOS-P,11/27/2019,1899-12-31 10:55:00,Grab
159,CG-20-0011,251.4142049,NA,Y,NCOS-D,11/27/2019,1899-12-31 04:40:00,Grab
160,CG-20-0012,251.8257366,NA,Y,NCOS-D,11/27/2019,1899-12-31 05:45:00,Grab
161,CG-20-0013,48.25323297,NA,Y,NCOS-D,11/27/2019,1899-12-31 07:00:00,Grab
162,CG-20-0014,310.7106396,NA,Y,NCOS-D,11/27/2019,1899-12-31 11:10:00,Grab
163,CG-20-0015,NA,NA,NA,NCOS-D,12/4/2019,1899-12-31 01:00:00,Grab
164,CG-20-0015a,127.0486596,NA,Y,NA,NA,NA,NA
165,CG-20-0015b,90.65772177,NA,Y,NA,NA,NA,NA
166,CG-20-0016,127.6432796,NA,Y,NCOS-D,12/4/2019,1899-12-31 08:45:00,Grab
167,CG-20-0017,25.10548523,NA,Y,NCOS-D,12/4/2019,1899-12-31 15:45:00,Grab
168,CG-20-0018,6313.993174,NA,Y,NCOS-V,12/4/2019,1899-12-31 00:15:00,Grab
169,CG-20-0019,47.51037344,NA,Y,NCOS-V,12/4/2019,1899-12-31 09:00:00,Grab
170,CG-20-0020,1792.114695,NA,Y,NCOS-V,12/4/2019,1899-12-31 16:45:00,Grab
171,CG-20-0021,296.9247084,NA,Y,NCOS-P,12/4/2019,1899-12-31 00:45:00,Grab
172,CG-20-0022,87.04735376,NA,Y,NCOS-P,12/4/2019,1899-12-31 08:25:00,Grab
173,CG-20-0023,10.53658537,NA,Y,NCOS-P,12/4/2019,1899-12-31 16:00:00,Grab
174,CG-20-0024,NA,NA,NA,NCOS-W,12/4/2019,1899-12-31 00:30:00,Grab
175,CG-20-0025,14.271556,NA,Y,NCOS-W,12/4/2019,1899-12-31 08:15:00,Grab
176,CG-20-0026,20.51813472,NA,Y,NCOS-W,12/4/2019,1899-12-31 15:25:00,Grab
177,CG-20-0027,15.7129001,NA,Y,NCOS-V,12/16/2019,1899-12-31 14:25:00,Grab
178,CG-20-0028,NA,NA,NA,NCOS-W,12/16/2019,1899-12-31 14:15:00,Grab
179,CG-20-0028a,546.6472303,NA,Y,NA,NA,NA,NA
180,CG-20-0028b,437.7708707,NA,Y,NA,NA,NA,NA
181,CG-20-0029,8.401639344,NA,Y,NCOS-P,12/16/2019,1899-12-31 13:40:00,Grab
182,CG-20-0030,296.1959971,NA,Y,NCOS-D,12/16/2019,1899-12-31 14:00:00,Grab
183,CG-20-0031,NA,NA,NA,NCOS-V,12/22/2019,1899-12-31 12:40:00,Grab
184,CG-20-0031a,7084.248756,NA,Y,NA,NA,NA,NA
185,CG-20-0031b,6979.466859,NA,Y,NA,NA,NA,NA
186,CG-20-0032,0,NA,Y,NCOS-W,12/22/2019,1899-12-31 12:50:00,Grab
187,CG-20-0033,NA,NA,NA,NCOS-P,12/22/2019,1899-12-31 13:05:00,Grab
188,CG-20-0033a,268.8894864,NA,Y,NA,NA,NA,NA
189,CG-20-0033b,229.5157218,NA,Y,NA,NA,NA,NA
190,CG-20-0034,89.68207704,NA,Y,NCOS-D,12/22/2019,1899-12-31 13:25:00,Grab
191,CG-20-0035,7.142857143,NA,Y,NCOS-V,1/8/2020,1899-12-31 09:05:00,Grab
192,CG-20-0036,NA,NA,NA,NCOS-W,1/8/2020,1899-12-31 09:30:00,Grab
193,CG-20-0036a,402.9910894,NA,Y,NA,NA,NA,NA
194,CG-20-0036b,403.3523058,NA,Y,NA,NA,NA,NA
195,CG-20-0037,2.8,NA,Y,NCOS-P,1/8/2020,1899-12-31 09:50:00,Grab
196,CG-20-0038,12.24899598,NA,Y,NCOS-D,1/8/2020,1899-12-31 10:05:00,Grab
197,CG-20-0039,8.722741433,NA,Y,NCOS-V,3/9/2020,1899-12-31 17:55:00,Grab
198,CG-20-0040,16.60735469,NA,Y,NCOS-W,3/9/2020,1899-12-31 18:10:00,Grab
199,CG-20-0041,14.83253589,NA,Y,NCOS-P,3/9/2020,1899-12-31 18:20:00,Grab
200,CG-20-0042,13.95856052,NA,Y,NCOS-V,3/10/2020,1899-12-31 09:20:00,Grab
201,CG-20-0043,12.62916188,NA,Y,NCOS-W,3/10/2020,1899-12-31 09:35:00,Grab
202,CG-20-0044,10.13824885,NA,Y,NCOS-P,3/10/2020,1899-12-31 09:50:00,Grab
203,CG-20-0045,15.99059377,NA,Y,NCOS-V,3/10/2020,1899-12-31 13:15:00,Grab
204,CG-20-0046,86.58008658,NA,Y,NCOS-W,3/10/2020,1899-12-31 13:30:00,Grab
205,CG-20-0047,308.9280198,NA,Y,NCOS-P,3/10/2020,1899-12-31 13:40:00,Grab
206,CG-20-0048,NA,NA,NA,NCOS-D,3/10/2020,1899-12-31 13:55:00,Grab
207,CG-20-0048a,177.4859121,NA,Y,NA,NA,NA,NA
208,CG-20-0048b,182.8070015,NA,Y,NA,NA,NA,NA
209,CG-20-0049,14.67268623,NA,Y,NCOS-P,3/11/2020,1899-12-31 09:05:00,Grab
210,CG-20-0050,208.9689472,NA,Y,NCOS-D,3/11/2020,1899-12-31 09:30:00,Grab
211,CG-20-0051,38.67069486,NA,Y,NCOS-W,3/11/2020,1899-12-31 09:50:00,Grab
212,CG-20-0052,19.70074813,NA,Y,NCOS-V,3/11/2020,1899-12-31 10:30:00,Grab
213,CG-20-0053,15.889029,NA,Y,NCOS-V,3/11/2020,1899-12-31 16:25:00,Grab
214,CG-20-0054,13.43669251,NA,Y,NCOS-W,3/11/2020,1899-12-31 17:10:00,Grab
215,CG-20-0055,58.3713355,NA,Y,NCOS-D,3/11/2020,1899-12-31 17:40:00,Grab
216,CG-20-0056,11.44278607,NA,Y,NCOS-P,3/11/2020,1899-12-31 17:55:00,Grab
217,CG-20-0057,44.74272931,NA,Y,NCOS-D,3/15/2020,1899-12-31 22:10:00,Grab
218,CG-20-0058,7.824427481,NA,Y,NCOS-P,3/15/2020,1899-12-31 21:50:00,Grab
219,CG-20-0059,174.9016178,NA,Y,NCOS-W,3/15/2020,1899-12-31 22:30:00,Grab
220,CG-20-0060,8.969465649,NA,Y,NCOS-V,3/15/2020,1899-12-31 22:40:00,Grab
221,CG-20-0061,209.2400402,NA,Y,NCOS-D,3/16/2020,1899-12-31 10:30:00,Grab
222,CG-20-0062,268.180396,NA,Y,NCOS-P,3/16/2020,1899-12-31 11:45:00,Grab
223,CG-20-0063,0,NA,Y,NCOS-W,3/16/2020,1899-12-31 13:15:00,Grab
224,CG-20-0064,2155.269184,NA,Y,NCOS-V,3/16/2020,1899-12-31 13:25:00,Grab
225,CG-21-0002,135.6483993,NA,Y,Whittier,12/27/2020,1899-12-31 22:30:00,Grab
226,CG-21-0003,904.7726759,NA,Y,Phelps,12/27/2020,1899-12-31 23:00:00,Grab
227,CG-21-0004,135.7281817,NA,Y,Devereux,12/27/2020,1899-12-31 23:30:00,Grab
228,CG-21-0005,592.7412001,NA,Y,Phelps,12/28/2020,1899-12-31 08:00:00,Grab
229,CG-21-0006,89.38148016,NA,Y,Devereux,12/28/2020,1899-12-31 08:15:00,Grab
230,CG-21-0007,8.7890625,NA,Y,NA,NA,NA,NA
231,CG-21-0008,1207.168725,NA,Y,Venoco,12/28/2020,1899-12-31 08:45:00,Grab
232,CG-21-0009,222.5288175,NA,Y,Devereux,12/28/2020,1899-12-31 16:00:00,Grab
233,CG-21-0010,537.8030744,NA,Y,Venoco,12/28/2020,1899-12-31 16:30:00,Grab
234,CG-21-0011,44.20280246,NA,Y,Whittier,12/28/2020,1899-12-31 16:45:00,Grab
235,CG-21-0012,413.7360364,NA,Y,Phelps,12/28/2020,1899-12-31 17:00:00,Grab
236,CG-21-0013,7.831325301,NA,Y,NA,NA,NA,NA
237,CG-21-0014,395.1180964,NA,Y,Venoco,12/29/2020,1899-12-31 09:00:00,Grab
238,CG-21-0015,7.302231237,NA,Y,NA,NA,NA,NA
239,CG-21-0016,32.5096101,NA,Y,NA,NA,NA,NA
240,CG-21-0042,433.7976575,NA,Y,Phelps,1/25/2021,1899-12-31 15:00:00,Grab
241,CG-21-0043,180.848178,NA,Y,Whittier,1/25/2021,1899-12-31 15:15:00,Grab
242,CG-21-0044,NA,NA,NA,NA,NA,NA,Grab
243,CG-21-0078,91.84423218,NA,Y,Devereux,1/27/2021,1899-12-31 08:30:00,Grab
244,CG-21-0079,18.23770492,NA,Y,NA,NA,NA,NA
245,CG-21-0080,1726.80983,NA,Y,NA,NA,NA,Grab
246,CG-21-0081,263.8290388,NA,Y,NA,NA,NA,Grab
247,CG-21-0082,659.7756763,NA,Y,NA,NA,NA,Grab
248,CG-21-0083,263.227165,NA,Y,NA,NA,NA,Grab
249,CG-21-0084,617.5834841,NA,Y,NA,NA,NA,Grab
250,CG-21-0085,506.3524213,NA,Y,Devereux,1/28/2021,1899-12-31 15:00:00,Grab
251,CG-21-0086,636.2768713,NA,Y,Venoco,1/28/2021,1899-12-31 15:15:00,Grab
252,CG-21-0087,315.4005587,NA,Y,Devereux,1/29/2021,1899-12-31 08:45:00,Grab
253,CG-21-0088,692.7126628,NA,Y,Venoco,1/29/2021,1899-12-31 09:00:00,Grab
254,CG-21-0089,5625.137332,NA,Y,NA,NA,NA,Grab
255,CG-21-0090,4991.179381,NA,Y,NA,NA,NA,Grab
256,CG-21-0091,1772.969041,NA,Y,COPR,1/28/2021,1899-12-31 16:00:00,Grab
257,CG-21-0092,1348.314607,NA,Y,COPR,1/28/2021,1899-12-31 16:30:00,Grab
258,CG-21-0093,1505.543136,NA,Y,COPR,1/28/2021,1899-12-31 17:00:00,Grab
259,CG-21-0094,1199.733393,NA,Y,COPR,1/28/2021,1899-12-31 17:30:00,Grab
260,CG-21-0095,1187.431494,NA,Y,COPR,1/28/2021,1899-12-31 18:00:00,Grab
261,CG-21-0096,1358.142062,NA,Y,COPR,1/28/2021,1899-12-31 18:30:00,Grab
262,CG-21-0097,1549.220963,NA,Y,COPR,1/28/2021,1899-12-31 19:30:00,Grab
263,CG-21-0098,1122.485632,NA,Y,COPR,1/28/2021,1899-12-31 20:30:00,Grab
264,CG-21-0099,1226.472947,NA,Y,COPR,1/28/2021,1899-12-31 21:30:00,Grab
265,CG-21-0103,400.4093073,NA,Y,NA,NA,NA,Grab
266,CG-21-0104,440.2958788,NA,Y,NA,NA,NA,Grab
267,CG-21-0105,2816.779338,NA,Y,NA,NA,NA,Grab
268,CG-21-0106,686.4890376,NA,Y,NA,NA,NA,Grab
269,CG-21-0121,317.0002717,NA,Y,Devereux,3/10/2021,1899-12-31 00:00:00,Grab
270,CG-21-0122,31.06598985,NA,Y,NA,NA,NA,NA
271,CG-21-0123,25.74364521,NA,Y,NA,NA,NA,NA
272,CG-22-0033,1700.758446,NA,Y,Devereux,10/25/2021,1899-12-31 09:00:00,Grab
273,CG-22-0033,1700.758446,NA,Y,Devereux,10/25/2021,1899-12-31 09:00:00,Grab
274,CG-22-0034,271.8868951,NA,Y,Devereux,10/25/2021,1899-12-31 11:30:00,Grab
275,CG-22-0034,271.8868951,NA,Y,Devereux,10/25/2021,1899-12-31 11:30:00,Grab
276,CG-22-0035,5.948717949,NA,Y,Whittier,11/9/2021,1899-12-31 09:15:00,Grab
277,CG-22-0036,3102.189781,NA,Y,Phelps,11/9/2021,1899-12-31 09:30:00,Grab
278,CG-22-0066,350.1707082,NA,Y,Devereux,12/14/2021,1899-12-31 07:00:00,Grab
279,CG-22-0066,350.1707082,NA,Y,Devereux,12/14/2021,1899-12-31 07:00:00,Grab
280,CG-22-0067,307.9765938,NA,Y,Devereux,12/14/2021,1899-12-31 08:00:00,Grab
281,CG-22-0068,322.6103788,NA,Y,Devereux,12/14/2021,1899-12-31 09:00:00,Grab
282,CG-22-0068,322.6103788,NA,Y,Devereux,12/14/2021,1899-12-31 09:00:00,Grab
283,CG-22-0069,269.0824289,NA,Y,Devereux,12/14/2021,1899-12-31 12:00:00,Grab
284,CG-22-0069,269.0824289,NA,Y,Devereux,12/14/2021,1899-12-31 12:00:00,Grab
285,CG-22-0081,534.3069593,NA,Y,Devereux,12/23/2021,1899-12-31 14:15:00,Grab
286,CG-22-0081,534.3069593,NA,Y,Devereux,12/23/2021,1899-12-31 14:15:00,Grab
287,CG-22-0082,383.5990112,NA,Y,Phelps,12/23/2021,1899-12-31 14:30:00,Grab
288,CG-22-0083,129.5336788,NA,Y,Whittier,12/23/2021,1899-12-31 14:45:00,Grab
289,CG-22-0084,105.734767,NA,Y,Venoco,12/23/2021,1899-12-31 15:00:00,Grab
290,CG-22-0085,14.41241685,NA,Y,Devereux,12/29/2021,1899-12-31 08:00:00,Grab
291,CG-22-0085,14.41241685,NA,Y,Devereux,12/29/2021,1899-12-31 08:00:00,Grab
292,CG-22-0086,13.85281385,NA,Y,Devereux,12/29/2021,1899-12-31 09:00:00,Grab
293,CG-22-0087,13.92931393,NA,Y,Devereux,12/29/2021,1899-12-31 10:00:00,Grab
294,CG-22-0087,13.92931393,NA,Y,Devereux,12/29/2021,1899-12-31 10:00:00,Grab
295,CG-22-0088,15.73033708,NA,Y,Devereux,12/29/2021,1899-12-31 11:00:00,Grab
296,CG-22-0103,60.12024048,NA,Y,Venoco,1/3/2022,1899-12-31 09:30:00,Grab
297,CG-22-0104,13.75968992,NA,Y,Venoco,1/3/2022,1899-12-31 11:15:00,Grab
298,CG-22-0105,12.34309623,NA,Y,Venoco,1/3/2022,1899-12-31 16:00:00,Grab
299,CG-22-0130,91.61284412,NA,Y,Devereux,3/28/2022,1899-12-31 07:30:00,Grab
300,CG-22-0130,91.61284412,NA,Y,Devereux,3/28/2022,1899-12-31 07:30:00,Grab
301,CG-22-0131,90.72763564,NA,Y,Devereux,3/28/2022,1899-12-31 11:45:00,Grab
302,CG-22-0131,90.72763564,NA,Y,Devereux,3/28/2022,1899-12-31 11:45:00,Grab
303,CG-22-0132,135.6974851,NA,Y,Devereux,3/28/2022,1899-12-31 13:25:00,Grab
304,CG-22-0132,135.6974851,NA,Y,Devereux,3/28/2022,1899-12-31 13:25:00,Grab
305,CG-22-0133,178.070605,NA,Y,Devereux,3/28/2022,1899-12-31 05:30:00,Grab
306,CG-22-0133,178.070605,NA,Y,Devereux,3/28/2022,1899-12-31 05:30:00,Grab
307,CI-21-0018,1960.617168,NA,Y,NA,NA,NA,ISCO
308,CI-21-0019,1924.712412,NA,Y,NA,NA,NA,ISCO
309,CI-21-0020,1423.614201,NA,Y,Phelps,12/27/2020,1899-12-31 23:00:00,ISCO
310,CI-21-0021,865.1306803,NA,Y,Phelps,12/28/2020,1899-12-31 00:00:00,ISCO
311,CI-21-0022,706.557739,NA,Y,Phelps,12/28/2020,1899-12-31 01:00:00,ISCO
312,CI-21-0023,674.2179072,NA,Y,Phelps,12/28/2020,1899-12-31 02:00:00,ISCO
313,CI-21-0024,534.9977708,NA,Y,Phelps,12/28/2020,1899-12-31 03:00:00,ISCO
314,CI-21-0025,449.7616263,NA,Y,Phelps,12/28/2020,1899-12-31 04:00:00,ISCO
315,CI-21-0026,445.8712324,NA,Y,Phelps,12/28/2020,1899-12-31 05:00:00,ISCO
316,CI-21-0027,549.5511999,NA,Y,Phelps,12/28/2020,1899-12-31 06:00:00,ISCO
317,CI-21-0028,582.9335007,NA,Y,Phelps,12/28/2020,1899-12-31 07:00:00,ISCO
318,CI-21-0029,570.1254276,NA,Y,Phelps,12/28/2020,1899-12-31 08:00:00,ISCO
319,CI-21-0030,621.0904574,NA,Y,Phelps,12/28/2020,1899-12-31 09:00:00,ISCO
320,CI-21-0031,662.8955277,NA,Y,Phelps,12/28/2020,1899-12-31 10:00:00,ISCO
321,CI-21-0032,398.9538543,NA,Y,Phelps,12/28/2020,1899-12-31 11:00:00,ISCO
322,CI-21-0033,223.5636038,NA,Y,Phelps,12/28/2020,1899-12-31 12:00:00,ISCO
323,CI-21-0034,266.3234054,NA,Y,Phelps,12/28/2020,1899-12-31 13:00:00,ISCO
324,CI-21-0035,311.9568608,NA,Y,Phelps,12/28/2020,1899-12-31 14:00:00,ISCO
325,CI-21-0036,487.4374086,NA,Y,Phelps,12/28/2020,1899-12-31 15:00:00,ISCO
326,CI-21-0037,382.6469603,NA,Y,Phelps,12/28/2020,1899-12-31 16:00:00,ISCO
327,CI-21-0038,307.9765938,NA,Y,Phelps,12/28/2020,1899-12-31 17:00:00,ISCO
328,CI-21-0039,399.6802558,NA,Y,Phelps,12/28/2020,1899-12-31 18:00:00,ISCO
329,CI-21-0040,397.5616221,NA,Y,Phelps,12/28/2020,1899-12-31 19:00:00,ISCO
330,CI-21-0041,570.450656,NA,Y,Phelps,12/28/2020,1899-12-31 20:00:00,ISCO
331,CI-21-0045,9.850939728,NA,Y,NA,NA,NA,NA
332,CI-21-0046,483.6653036,NA,Y,NA,NA,NA,ISCO
333,CI-21-0047,219.6643529,NA,Y,Phelps,1/27/2021,1899-12-31 08:00:00,ISCO
334,CI-21-0048,276.2558129,NA,Y,Phelps,1/27/2021,1899-12-31 11:00:00,ISCO
335,CI-21-0049,259.4482401,NA,Y,NA,NA,NA,ISCO
336,CI-21-0050,302.49341,NA,Y,NA,NA,NA,ISCO
337,CI-21-0051,7.893061744,NA,Y,NA,NA,NA,NA
338,CI-21-0052,716.6532294,NA,Y,Phelps,1/28/2021,1899-12-31 14:00:00,ISCO
339,CI-21-0053,578.8583133,NA,Y,Phelps,1/28/2021,1899-12-31 15:30:00,ISCO
340,CI-21-0054,445.9109962,NA,Y,Phelps,1/28/2021,1899-12-31 17:00:00,ISCO
341,CI-21-0055,376.5414666,NA,Y,NA,NA,NA,ISCO
342,CI-21-0056,608.6691883,NA,Y,NA,NA,NA,ISCO
343,CI-21-0057,359.34061,NA,Y,NA,NA,NA,ISCO
344,CI-21-0058,175.5617978,NA,Y,NA,NA,NA,ISCO
345,CI-21-0059,43.57488344,NA,Y,NA,NA,NA,ISCO
346,CI-21-0060,133.3926189,NA,Y,NA,NA,NA,ISCO
347,CI-21-0061,43.20027648,NA,Y,NA,NA,NA,ISCO
348,CI-21-0062,177.5095411,NA,Y,NA,NA,NA,ISCO
349,CI-21-0063,6.891798759,NA,Y,NA,NA,NA,NA
350,CI-21-0064,179.0350013,NA,Y,NA,NA,NA,ISCO
351,CI-21-0065,131.503967,NA,Y,NA,NA,NA,ISCO
352,CI-21-0066,225.8049948,NA,Y,NA,NA,NA,ISCO
353,CI-21-0067,172.0578114,NA,Y,NA,NA,NA,ISCO
354,CI-21-0068,87.62705924,NA,Y,NA,NA,NA,ISCO
355,CI-21-0069,35.48163548,NA,Y,NA,NA,NA,NA
356,CI-21-0070,7876.094513,NA,Y,NA,NA,NA,ISCO
357,CI-21-0071,593.1468723,NA,Y,NA,NA,NA,ISCO
358,CI-21-0072,10229.73559,NA,Y,NA,NA,NA,ISCO
359,CI-21-0073,40.37184595,NA,Y,NA,NA,NA,NA
360,CI-21-0074,25.49800797,NA,Y,NA,NA,NA,NA
361,CI-21-0075,707.3699103,NA,Y,Venoco,1/28/2021,1899-12-31 15:30:00,ISCO
362,CI-21-0076,588.0756356,NA,Y,Venoco,1/28/2021,1899-12-31 17:00:00,ISCO
363,CI-21-0077,668.1216872,NA,Y,NA,NA,NA,ISCO
364,CI-21-0100,671.4413608,NA,Y,NA,NA,NA,ISCO
365,CI-21-0101,444.1483455,NA,Y,NA,NA,NA,ISCO
366,CI-21-0102,574.7380521,NA,Y,NA,NA,NA,ISCO
367,CI-21-0107,3.157894737,NA,Y,NA,NA,NA,NA
368,CI-21-0108,1958.427916,NA,Y,NA,NA,NA,ISCO
369,CI-21-0109,1166.285381,NA,Y,NA,NA,NA,ISCO
370,CI-21-0110,541.1987552,NA,Y,NA,NA,NA,ISCO
371,CI-21-0111,27.12328767,NA,Y,NA,NA,NA,NA
372,CI-21-0112,581.2133947,NA,Y,NA,NA,NA,ISCO
373,CI-21-0113,744.2756447,NA,Y,NA,NA,NA,ISCO
374,CI-21-0114,305.8504828,NA,Y,NA,NA,NA,ISCO
375,CI-21-0115,20.16129032,NA,Y,NA,NA,NA,NA
376,CI-21-0116,13.92045455,NA,Y,NA,NA,NA,NA
377,CI-21-0117,12.70289344,NA,Y,NA,NA,NA,NA
378,CI-21-0118,4.88155061,NA,Y,NA,NA,NA,NA
379,CI-21-0119,1.97740113,NA,Y,NA,NA,NA,NA
380,CI-21-0120,11.61473088,NA,Y,NA,NA,NA,NA
381,CI-21-0124,75.90618337,NA,Y,NA,NA,NA,NA
382,CI-21-0125,30.17356475,NA,Y,NA,NA,NA,NA
383,CI-21-0126,58.5704372,NA,Y,NA,NA,NA,NA
384,CI-21-0127,32.60273973,NA,Y,NA,NA,NA,NA
385,CI-21-0128,10.18941868,NA,Y,NA,NA,NA,NA
386,CI-21-0129,261.3240418,NA,Y,NA,NA,NA,ISCO
387,CI-21-0130,130.0615625,NA,Y,NA,NA,NA,ISCO
388,CI-21-0131,5.329780147,NA,Y,NA,NA,NA,NA
389,CI-21-0132,66.29213483,NA,Y,NA,NA,NA,NA
390,CI-21-0133,39.60948396,NA,Y,NA,NA,NA,NA
391,CI-21-0134,90.36280667,NA,Y,NA,NA,NA,ISCO
392,CI-21-0135,5.459770115,NA,Y,NA,NA,NA,NA
393,CI-21-0136,4.046242775,NA,Y,NA,NA,NA,NA
394,CI-21-0137,NA,NA,NA,NA,NA,NA,ISCO
395,CI-21-0138,67.31198809,NA,Y,NA,NA,NA,NA
396,CI-21-0139,25.8245614,NA,Y,NA,NA,NA,NA
397,CI-21-0140,18.53932584,NA,Y,NA,NA,NA,NA
398,CI-22-00010,652.4069155,NA,Y,NA,NA,NA,NA
399,CI-22-0003,31.15942029,NA,Y,Phelps,10/24/2021,1899-12-31 13:40:00,ISCO
400,CI-22-0004,4.945054945,NA,Y,Phelps,10/25/2021,1899-12-31 03:00:00,ISCO
401,CI-22-0005,5.901639344,NA,Y,Phelps,10/25/2021,1899-12-31 05:00:00,ISCO
402,CI-22-0006,11.02040816,NA,Y,Phelps,10/25/2021,1899-12-31 06:00:00,ISCO
403,CI-22-0007,12.47833622,NA,Y,Phelps,10/25/2021,1899-12-31 07:00:00,ISCO
404,CI-22-0008,17.77777778,NA,Y,Phelps,10/25/2021,1899-12-31 08:00:00,ISCO
405,CI-22-0009,134.0206186,NA,Y,Phelps,10/25/2021,1899-12-31 09:00:00,ISCO
406,CI-22-0010,NA,NA,NA,Phelps,10/25/2021,1899-12-31 10:00:00,ISCO
407,CI-22-0011,567.0912581,NA,Y,Phelps,10/25/2021,1899-12-31 11:00:00,ISCO
408,CI-22-0012,470.8702538,NA,Y,Phelps,10/25/2021,1899-12-31 12:00:00,ISCO
409,CI-22-0013,397.0529845,NA,Y,Phelps,10/25/2021,1899-12-31 13:00:00,ISCO
410,CI-22-0014,36.03896104,NA,Y,Phelps,10/25/2021,1899-12-31 14:00:00,ISCO
411,CI-22-0015,8.125819135,NA,Y,Phelps,10/25/2021,1899-12-31 22:00:00,ISCO
412,CI-22-0016,11.20218579,NA,Y,Phelps,10/25/2021,1899-12-31 23:00:00,ISCO
413,CI-22-0017,3797.062995,NA,Y,Venoco,10/25/2021,1899-12-31 10:00:00,ISCO
414,CI-22-0018,2904.832165,NA,Y,Venoco,10/25/2021,1899-12-31 11:00:00,ISCO
415,CI-22-0019,1505.376344,NA,Y,Venoco,10/25/2021,1899-12-31 12:00:00,ISCO
416,CI-22-0020,1191.28659,NA,Y,Venoco,10/25/2021,1899-12-31 13:00:00,ISCO
417,CI-22-0021,1091.750731,NA,Y,Venoco,10/25/2021,1899-12-31 14:00:00,ISCO
418,CI-22-0022,1224.097228,NA,Y,Venoco,10/25/2021,1899-12-31 18:00:00,ISCO
419,CI-22-0023,1360.359135,NA,Y,Venoco,10/25/2021,1899-12-31 22:00:00,ISCO
420,CI-22-0024,1209.921355,NA,Y,Venoco,10/25/2021,1899-12-31 23:00:00,ISCO
421,CI-22-0025,209.0909091,NA,Y,Whittier,10/25/2021,1899-12-31 09:00:00,ISCO
422,CI-22-0026,83.01886792,NA,Y,Whittier,10/25/2021,1899-12-31 10:00:00,ISCO
423,CI-22-0027,20.83333333,NA,Y,Whittier,10/25/2021,1899-12-31 11:00:00,ISCO
424,CI-22-0028,18.84057971,NA,Y,Whittier,10/25/2021,1899-12-31 12:00:00,ISCO
425,CI-22-0029,29.85074627,NA,Y,Whittier,10/25/2021,1899-12-31 13:00:00,ISCO
426,CI-22-0030,27.01421801,NA,Y,Whittier,10/25/2021,1899-12-31 14:00:00,ISCO
427,CI-22-0031,NA,NA,NA,Whittier,10/25/2021,1899-12-31 22:00:00,ISCO
428,CI-22-0032,350.9387612,NA,Y,Whittier,10/25/2021,1899-12-31 23:00:00,ISCO
429,CI-22-0037,NA,NA,NA,Venoco,12/13/2021,1899-12-31 08:45:00,ISCO
430,CI-22-0038,1590.527525,NA,Y,Phelps,12/13/2021,1899-12-31 09:15:00,ISCO
431,CI-22-0039,36.38743455,NA,Y,Venoco,12/13/2021,1899-12-31 12:00:00,ISCO
432,CI-22-0040,NA,NA,NA,Venoco,12/13/2021,1899-12-31 15:45:00,ISCO
433,CI-22-0041,NA,NA,NA,Venoco,12/13/2021,1899-12-31 19:30:00,ISCO
434,CI-22-0042,NA,NA,NA,Venoco,12/13/2021,1899-12-31 22:00:00,ISCO
435,CI-22-0043,2699.87807,NA,Y,Venoco,12/13/2021,1899-12-31 23:15:00,ISCO
436,CI-22-0044,2586.911137,NA,Y,Venoco,12/14/2021,1/1/1900 0:30,ISCO
437,CI-22-0045,2520.478891,NA,Y,Venoco,12/14/2021,1/1/1900 1:45,ISCO
438,CI-22-0046,1805.286912,NA,Y,Venoco,12/14/2021,1/1/1900 3:00,ISCO
439,CI-22-0047,1215.225034,NA,Y,Venoco,12/14/2021,1/1/1900 4:15,ISCO
440,CI-22-0048,1220.22868,NA,Y,Venoco,12/14/2021,1899-12-31 06:45:00,ISCO
441,CI-22-0049,1659.192825,NA,Y,Venoco,12/14/2021,1899-12-31 09:15:00,ISCO
442,CI-22-0050,434.2350949,NA,Y,Venoco,12/14/2021,1899-12-31 10:30:00,ISCO
443,CI-22-0051,564.5546532,NA,Y,Venoco,12/14/2021,1899-12-31 13:00:00,ISCO
444,CI-22-0052,547.8759272,NA,Y,Venoco,12/14/2021,1899-12-31 15:30:00,ISCO
445,CI-22-0053,1729.41333,NA,Y,Phelps,12/13/2021,1899-12-31 12:00:00,ISCO
446,CI-22-0054,1731.717064,NA,Y,Phelps,12/13/2021,1899-12-31 13:15:00,ISCO
447,CI-22-0055,1721.398305,NA,Y,Phelps,12/13/2021,1899-12-31 15:45:00,ISCO
448,CI-22-0056,1766.175584,NA,Y,Phelps,12/13/2021,1899-12-31 17:00:00,ISCO
449,CI-22-0057,2014.955447,NA,Y,Phelps,12/13/2021,1899-12-31 19:30:00,ISCO
450,CI-22-0058,393.1847969,NA,Y,Phelps,12/13/2021,1899-12-31 20:45:00,ISCO
451,CI-22-0059,2332.466134,NA,Y,Phelps,12/13/2021,1899-12-31 23:15:00,ISCO
452,CI-22-0060,2191.119259,NA,Y,Phelps,12/14/2021,1899-12-31 03:00:00,ISCO
453,CI-22-0061,583.5521654,NA,Y,Phelps,12/14/2021,1899-12-31 05:30:00,ISCO
454,CI-22-0062,648.6766995,NA,Y,Phelps,12/14/2021,1899-12-31 06:45:00,ISCO
455,CI-22-0063,19.78609626,NA,Y,Phelps,12/14/2021,1899-12-31 09:15:00,ISCO
456,CI-22-0064,481.6533847,NA,Y,Phelps,12/14/2021,1899-12-31 11:45:00,ISCO
457,CI-22-0065,705.3063934,NA,Y,Phelps,12/14/2021,1899-12-31 15:30:00,ISCO
458,CI-22-0070,92.0301859,NA,Y,Whittier,12/13/2021,1899-12-31 19:30:00,ISCO
459,CI-22-0071,NA,NA,NA,Whittier,12/13/2021,1899-12-31 20:45:00,ISCO
460,CI-22-0072,223.284062,NA,Y,Whittier,12/13/2021,1899-12-31 22:00:00,ISCO
461,CI-22-0073,NA,NA,NA,Whittier,12/14/2021,1899-12-31 00:30:00,ISCO
462,CI-22-0074,88.73114463,NA,Y,Whittier,12/14/2021,1899-12-31 01:45:00,ISCO
463,CI-22-0075,86.57633869,NA,Y,Whittier,12/14/2021,1899-12-31 03:00:00,ISCO
464,CI-22-0076,133.4519573,NA,Y,Whittier,12/14/2021,1899-12-31 05:30:00,ISCO
465,CI-22-0077,42.31729508,NA,Y,Whittier,12/14/2021,1899-12-31 06:45:00,ISCO
466,CI-22-0078,215.3872663,NA,Y,Whittier,12/14/2021,1899-12-31 09:15:00,ISCO
467,CI-22-0079,215.2111221,NA,Y,Whittier,12/14/2021,1899-12-31 11:45:00,ISCO
468,CI-22-0080,435.6349379,NA,Y,Whittier,12/14/2021,1899-12-31 15:30:00,ISCO
469,CI-22-0089,8.333333333,NA,Y,Whittier,12/29/2021,1899-12-31 00:00:00,ISCO
470,CI-22-0090,997.7324263,NA,Y,Whittier,12/29/2021,1899-12-31 02:00:00,ISCO
471,CI-22-0090,8.035714286,NA,Y,Whittier,12/29/2021,1899-12-31 02:00:00,ISCO
472,CI-22-0091,8.849557522,NA,Y,Whittier,12/29/2021,1899-12-31 04:00:00,ISCO
473,CI-22-0092,9.604519774,NA,Y,Whittier,12/29/2021,1899-12-31 05:00:00,ISCO
474,CI-22-0093,6.31276901,NA,Y,Whittier,12/29/2021,1899-12-31 07:00:00,ISCO
475,CI-22-0094,5.507246377,NA,Y,Whittier,12/29/2021,1899-12-31 09:00:00,ISCO
476,CI-22-0095,5.089820359,NA,Y,Whittier,12/29/2021,1899-12-31 10:00:00,ISCO
477,CI-22-0096,5.586592179,NA,Y,Whittier,12/29/2021,1899-12-31 11:30:00,ISCO
478,CI-22-0097,NA,NA,NA,Venoco,12/29/2021,1899-12-31 04:30:00,ISCO
479,CI-22-0098,NA,NA,NA,Venoco,12/29/2021,1899-12-31 05:00:00,ISCO
480,CI-22-0099,43.52331606,NA,Y,Venoco,12/29/2021,1899-12-31 06:30:00,ISCO
481,CI-22-0100,4161.795651,NA,Y,Venoco,12/29/2021,1899-12-31 08:00:00,ISCO
482,CI-22-0101,5052.099779,NA,Y,Venoco,12/29/2021,1899-12-31 09:30:00,ISCO
483,CI-22-0102,4508.885156,NA,Y,Venoco,12/29/2021,1899-12-31 10:30:00,ISCO
484,CI-22-0106,NA,NA,NA,Venoco,3/28/2022,1899-12-31 16:00:00,ISCO
485,CI-22-0107,NA,NA,NA,Venoco,3/28/2022,1899-12-31 20:00:00,ISCO
486,CI-22-0108,NA,NA,NA,Venoco,3/28/2022,1899-12-31 23:00:00,ISCO
487,CI-22-0109,NA,NA,NA,Venoco,3/28/2022,1899-12-31 11:00:00,ISCO
488,CI-22-0110,NA,NA,NA,Venoco,3/28/2022,1899-12-31 12:00:00,ISCO
489,CI-22-0111,674.564695,NA,Y,Whittier,3/28/2022,1899-12-31 06:00:00,ISCO
490,CI-22-0112,130.0052002,NA,Y,Whittier,3/28/2022,1899-12-31 07:00:00,ISCO
491,CI-22-0113,228.2792312,NA,Y,Whittier,3/28/2022,1899-12-31 08:00:00,ISCO
492,CI-22-0114,88.5661146,NA,Y,Whittier,3/28/2022,1899-12-31 09:00:00,ISCO
493,CI-22-0115,128.9601513,NA,Y,Whittier,3/28/2022,1899-12-31 10:00:00,ISCO
494,CI-22-0116,136.2088536,NA,Y,Whittier,3/28/2022,1899-12-31 13:00:00,ISCO
495,CI-22-0117,222.5288175,NA,Y,Whittier,3/28/2022,1899-12-31 17:00:00,ISCO
496,CI-22-0118,308.3700441,NA,Y,Whittier,3/28/2022,1899-12-31 21:00:00,ISCO
497,CI-22-0119,2126.36695,NA,Y,Phelps,3/27/2022,1899-12-31 22:00:00,ISCO
498,CI-22-0120,1940.120817,NA,Y,Phelps,3/27/2022,1899-12-31 00:00:00,ISCO
499,CI-22-0121,1917.796278,NA,Y,Phelps,3/28/2022,1899-12-31 04:00:00,ISCO
500,CI-22-0122,2052.380315,NA,Y,Phelps,3/28/2022,1899-12-31 05:00:00,ISCO
501,CI-22-0123,1059.509094,NA,Y,Phelps,3/28/2022,1899-12-31 06:00:00,ISCO
502,CI-22-0124,1386.962552,NA,Y,Phelps,3/28/2022,1899-12-31 07:00:00,ISCO
503,CI-22-0125,316.5988241,NA,Y,Phelps,3/28/2022,1899-12-31 09:00:00,ISCO
504,CI-22-0126,412.2955701,NA,Y,Phelps,3/28/2022,1899-12-31 10:00:00,ISCO
505,CI-22-0127,466.9128571,NA,Y,Phelps,3/28/2022,1899-12-31 12:00:00,ISCO
506,CI-22-0128,388.3662725,NA,Y,Phelps,3/28/2022,1899-12-31 17:00:00,ISCO
507,CI-22-0129,11.67108753,NA,Y,Phelps,3/28/2022,1899-12-31 21:00:00,ISCO
508,NA,NA,NA,NA,NA,NA,NA,NA
509,NA,NA,NA,NA,NA,NA,NA,NA
